id,track_name,artist_names,cluster,playlist_name
00ZKeP47bZtswtANkvxz2j,Baile do Bruxo,"Tropa do Bruxo, DJ Ws da Igrejinha, SMU, Triz, Mc Menor Thalis",2,Chill Vibe
00imgaPlYRrMGn9o83hfmk,LOOSE CHANGE,Brent Faiyaz,2,Chill Vibe
01K4zKU104LyJ8gMb7227B,Nothing New (feat. Phoebe Bridgers) (Taylor’s Version) (From The Vault),"Taylor Swift, Phoebe Bridgers",2,Chill Vibe
01z2fBGB8Hl3Jd3zXe4IXR,Come Back to Earth,Mac Miller,2,Chill Vibe
02WacdrRpm4zlP8H7X6bnQ,Dancing On My Own,Calum Scott,2,Chill Vibe
03rwnftfgpYVO6QDWOZcG6,Drew A Picasso,Drake,2,Chill Vibe
03vyB3AHCuEGfhh7wPc7Yf,When You're Ready,Shawn Mendes,2,Chill Vibe
03wOsqNRdFZAgwo708sjw2,Say Yes To Heaven,Lana Del Rey,2,Chill Vibe
042Sl6Mn83JHyLEqdK7uI0,Your Power,Billie Eilish,2,Chill Vibe
044qU7kwVZaDwzWnRsmVVL,I Dare You,The xx,2,Chill Vibe
04sN26COy28wTXYj3dMoiZ,Bored,Billie Eilish,2,Chill Vibe
05X6aMCQR09E6smUmw9qms,Thank God It's Christmas - Non-Album Single,Queen,2,Chill Vibe
05bnEv2dpFzmGVLGdjD9UP,Orlando,XXXTENTACION,2,Chill Vibe
06GcodDliPWAYFX2LSFLIu,Vertigo,Khalid,2,Chill Vibe
08fa9LFcFBTcilB3iq2e2A,epiphany,Taylor Swift,2,Chill Vibe
09nSCeCs6eYfAIJVfye1CE,Oye,"TINI, Sebastian Yatra",2,Chill Vibe
0A1JLUlkZkp2EFrosoNQi0,Labyrinth,Taylor Swift,2,Chill Vibe
0AYt6NMyyLd0rLuvr0UkMH,Slime You Out (feat. SZA),"Drake, SZA",2,Chill Vibe
0AaV4MJrgmLV3XhoiWXjjb,evermore (feat. Bon Iver),"Taylor Swift, Bon Iver",2,Chill Vibe
0AluA5RNsa4Cx6XRhf2hWZ,10 Freaky Girls (with 21 Savage),"Metro Boomin, 21 Savage",2,Chill Vibe
0B7wvvmu9EISAwZnOpjhNI,When I Was Your Man,Bruno Mars,2,Chill Vibe
0CZ8lquoTX2Dkg7Ak2inwA,1950,King Princess,2,Chill Vibe
0D8ZpOXVjapLXrjz5VfZSD,Pray,Sam Smith,2,Chill Vibe
0DuWDLjriRPjDRoPgaCslY,Love In The Dark,Adele,2,Chill Vibe
0E4Y1XIbs8GrAT1YqVy6dq,Afterglow,Ed Sheeran,2,Chill Vibe
0FfqyjhB6Kspvit1oOo7ax,GOLDWING,Billie Eilish,2,Chill Vibe
0FlwhvrncUKrEAhzunmCKm,Forever,Noah Kahan,2,Chill Vibe
0FqBNLXlTNimxmVRdDMj6b,1AM FREESTYLE,Joji,2,Chill Vibe
0GAyuCo975IHGxxiLKDufB,l e t . g o . m y . h a n d (with Bas & 6LACK),"J. Cole, Bas, 6LACK",2,Chill Vibe
0GVuLQtPXFaL18ijEOqoAa,Tightrope,Michelle Williams,2,Chill Vibe
0Gl5s8IhMmQE5YQwM8Qx1J,Never Enough,Loren Allred,2,Chill Vibe
0HEytGQM3bG1vKxER7IgVK,Spotless (feat. The Lumineers),"Zach Bryan, The Lumineers",2,Chill Vibe
0Ie5uiv54KgCr7P4sYDTHl,Baby It's Cold Outside (with Michael Bublé),"Idina Menzel, Michael Bublé",2,Chill Vibe
0Jiaz0O4AqnJICa9PxHhaR,Mahiye Jinna Sohna,Darshan Raval,2,Chill Vibe
0Jlcvv8IykzHaSmj49uNW8,the 1,Taylor Swift,2,Chill Vibe
0JzG1wJuB4v9UPkSE7LMXi,Hotel,Montell Fish,2,Chill Vibe
0KAzP1Rbp0Vz5pw8i1KDDI,Internet,Post Malone,2,Chill Vibe
0LtVx5vsq9nfpGsWgjUin6,"City Of Stars - From ""La La Land"" Soundtrack","Ryan Gosling, Emma Stone",2,Chill Vibe
0McI9sOmkpfd4E72njtU0G,Borrowed Love (feat. Swae Lee & WizKid),"Metro Boomin, Swae Lee, Wizkid",2,Chill Vibe
0OWZFobGSIW9GrSlQ9C5pc,Marry Me,Thomas Rhett,2,Chill Vibe
0OlnLZY4cmQzT6ZGttvWBM,So Far Away (feat. Jamie Scott & Romy Dya),"Martin Garrix, David Guetta, Jamie Scott, Romy Dya",2,Chill Vibe
0OoNzMdPSgbkM5MkcuEZfm,Lock On Me (with Travis Scott & Future),"Metro Boomin, Travis Scott, Future",2,Chill Vibe
0Oqc0kKFsQ6MhFOLBNZIGX,Doin' Time,Lana Del Rey,2,Chill Vibe
0PKpNkxX3FkcfgxCQUXXds,Down Hill,Drake,2,Chill Vibe
0PurA4JVJ8YQgSVopY8fn6,tolerate it,Taylor Swift,2,Chill Vibe
0Px86mRlxdB3YqpK6KXWlr,Once an Addict - Interlude,J. Cole,2,Chill Vibe
0R6Jlsq25eZB3Wftpxi3oF,Jonestown (Interlude),Post Malone,2,Chill Vibe
0RFFFGtPn6a58RHY3ccVYX,Si Tu Novio Te Deja Sola,"J Balvin, Bad Bunny",2,Chill Vibe
0RLLvYBopDwooCyvnTwgYu,F.N,Lil Tjay,2,Chill Vibe
0RSZ8EmUPEN3ySfCgytPke,Auf & Ab,Montez,2,Chill Vibe
0RoA7ObU6phWpqhlC9zH4Z,A Million Dreams,"Ziv Zaifman, Hugh Jackman, Michelle Williams",2,Chill Vibe
0SErdEdRcVX1uJCf1eTGYH,Somebody’s Problem,Morgan Wallen,2,Chill Vibe
0STK94RxUulYqWzwFlyAb5,Sober,Demi Lovato,2,Chill Vibe
0So2sgVa8aJiARPl2P29u2,Pope Is a Rockstar,SALES,2,Chill Vibe
0SuG9kyzGRpDqrCWtgD6Lq,Give Me Love,Ed Sheeran,2,Chill Vibe
0T5iIrXA4p5GsubkhuBIKV,Until I Found You,Stephen Sanchez,2,Chill Vibe
0TL0LFcwIBF5eX7arDIKxY,Husn,Anuv Jain,2,Chill Vibe
0UPBidRYcgJ2mjZlk08V8x,F.N,Lil Tjay,2,Chill Vibe
0URaKGzNTtzKRtsJN1RkA9,Light,"Big Sean, Jeremih",2,Chill Vibe
0UTHr20nqVFMoji8xYE9yl,Perfectly Wrong,Shawn Mendes,2,Chill Vibe
0Uv5Kp8sEnriJjkX4oLfNI,Paul - Skit,Paul Rosenberg,2,Chill Vibe
0UyljEbX9dqI1K0sqdv6B6,SLOW DANCING IN THE DARK,Joji,2,Chill Vibe
0VJYhKhrHgJ7fgjGaC2k07,The Explanation,XXXTENTACION,2,Chill Vibe
0VsGaRXR5WAzpu51unJTis,Best Part of Me (feat. YEBBA),"Ed Sheeran, Yebba",2,Chill Vibe
0WFryfbNKPXVtVQlz5dZ8H,hotline (edit),Billie Eilish,2,Chill Vibe
0XER3HPMx223xWaAgNKp4Y,My Mind & Me,Selena Gomez,2,Chill Vibe
0XOnMqLQDO89iAg7dWWwnG,pete davidson,Ariana Grande,2,Chill Vibe
0XPsOSYzDJZJArevQNm2AR,Speechless (Full),Naomi Scott,2,Chill Vibe
0XkmeG97T4mtYlWRJcrxec,Party Girl (Remix),"StaySolidRocky, Lil Uzi Vert",2,Chill Vibe
0YFqKxV9uNu6LUeYkLOKRS,On Time (with John Legend),"Metro Boomin, John Legend",2,Chill Vibe
0YevRlTDW9tyIwViCyke8Q,Anxiety - Intro,Juice WRLD,2,Chill Vibe
0YkUwXxnTkeJBvt5upeEtP,From Florida With Love,Drake,2,Chill Vibe
0YxKKO272sacGBJKjf6FnB,Saari Duniya Jalaa Denge,"Jaani, B Praak",2,Chill Vibe
0ZNU020wNYvgW84iljPkPP,mirrorball,Taylor Swift,2,Chill Vibe
0aPs3kmiqmt9QG7gWXdefA,No soy Eterno,"Bizarrap, Milo j",2,Chill Vibe
0bzbvANY6oETSJLc0wlVGY,Lover,Taylor Swift,2,Chill Vibe
0cGpKQ8RxxLOFqhktEURIj,wherever u r (ft. V of BTS),"UMI, V",2,Chill Vibe
0d2iYfpKoM0QCKvcLCkBao,Eastside (with Halsey & Khalid),"benny blanco, Halsey, Khalid",2,Chill Vibe
0dS2u2UFd88TIzDDaZDLvS,Here With Me,d4vd,2,Chill Vibe
0dyiHoYbYjYaOEXLpmzQZG,Supercut,Lorde,2,Chill Vibe
0e5UZadoZ5me957hKsxRYh,golden hour,JVKE,2,Chill Vibe
0ecC8p17cDNlxHXkuYqeR6,Surrender,Natalie Taylor,2,Chill Vibe
0fioLzGM8ngbD1w6fMmm45,I'm Not The Only One,Sam Smith,2,Chill Vibe
0gplL1WMoJ6iYaPgMCL0gX,Easy On Me,Adele,2,Chill Vibe
0hNduWmlWmEmuwEFcYvRu1,Sunset Lover,Petit Biscuit,2,Chill Vibe
0hluyTCTSua59xYuIRqpe5,Ovunque Sarai,Irama,2,Chill Vibe
0i4UV3HjjvsUuV3BajEXoD,Baile no Morro,"MC Tairon, Mc Vitin Da Igrejinha, Dj Win",2,Chill Vibe
0jdny0dhgjUwoIp5GkqEaA,Praying,Kesha,2,Chill Vibe
0lLdorYw7lVrJydTINhWdI,It's Beginning to Look a Lot like Christmas,Michael Bublé,2,Chill Vibe
0lTurWECr2XL607eJAj1A3,I'll Be Home,Meghan Trainor,2,Chill Vibe
0lsRatBUs9HNIZAmoGABzk,Trampoline,SHAED,2,Chill Vibe
0m0Ew7RcwZaBS8psxgE00P,Derdim Olsun,Reynmen,2,Chill Vibe
0mel2N9Ws9r4yLQn5QE21Y,Too Good At Goodbyes,Sam Smith,2,Chill Vibe
0mfCH4nfpshBQR9ueZP5eP,Girls Need Love (with Drake) - Remix,"Summer Walker, Drake",2,Chill Vibe
0mflMxspEfB0VbI1kyLiAv,Stick Season,Noah Kahan,2,Chill Vibe
0nAZGkBGKQCXyaoSJfRhC1,A Keeper,Drake,2,Chill Vibe
0oA9wBGDY4uyILLg4GymWP,Tom's Diner,"AnnenMayKantereit, Giant Rooks",2,Chill Vibe
0oQc0F6KUE7QY7k5TU6bic,Chromatica II,Lady Gaga,2,Chill Vibe
0oaY19dUwZimIgzn3ZZLZO,2 Much,Justin Bieber,2,Chill Vibe
0oiCeOPwm4zhwfyIpAE37y,Love on the Weekend,John Mayer,2,Chill Vibe
0or0gNaKAXYYCsOrpvRzAu,Liability,Lorde,2,Chill Vibe
0psS4i5YooJrXfDnGvWRLi,Lo Vas A Olvidar (with ROSALÍA),"Billie Eilish, ROSALÍA",2,Chill Vibe
0qCPD6ilr9nXkI4KVZgcns,Abcdario,"Eden Muñoz, Junior H",2,Chill Vibe
0qXP5fMhxGzxALOkXYUxfP,Loverboy,A-Wall,2,Chill Vibe
0qxLQ6opocOGyFnlXqJ53x,Bipolar,"Mc Davi, Mc Pedrinho, Mc Don Juan, DJ 900",2,Chill Vibe
0rHToGels2lt8Y0mCYoF90,Deck The Hall,Nat King Cole,2,Chill Vibe
0rKtyWc8bvkriBthvHKY8d,SLOW DANCING IN THE DARK,Joji,2,Chill Vibe
0ri0Han4IRJhzvERHOZTMr,At My Worst,Pink Sweat$,2,Chill Vibe
0rt63HYAAIzUZo5O2D0uA6,Visiting Hours,Ed Sheeran,2,Chill Vibe
0sKEilrw1GrBlG6qsTCrP4,865,Morgan Wallen,2,Chill Vibe
0sSRLXxknVTQDStgU1NqpY,Hours In Silence,"Drake, 21 Savage",2,Chill Vibe
0sXvjZV7p4uvyPN4uQo3FH,Neon Gravestones,Twenty One Pilots,2,Chill Vibe
0sY6ZUTh4yoctD8VIXz339,champagne problems,Taylor Swift,2,Chill Vibe
0sfk352FO8bJUjWjIsyzSR,DONDE SE APRENDE A QUERER?,Mora,2,Chill Vibe
0t5cfOZxePTvuYXTywHzjH,Penhasco2,"Luísa Sonza, Demi Lovato",2,Chill Vibe
0tMSssfxAL2oV8Vri0mFHE,listen before i go,Billie Eilish,2,Chill Vibe
0tXPhc8LvM4dPvoRwI66XQ,I'll Be Home for Christmas,Michael Bublé,2,Chill Vibe
0u2P5u6lvoDfwTYjAADbn4,lovely (with Khalid),"Billie Eilish, Khalid",2,Chill Vibe
0uRrG2jRR5tuifsYIJHEao,Sand In My Boots,Morgan Wallen,2,Chill Vibe
0udOCZp7yk0Ml92C0k8H8D,That's On Me,Mac Miller,2,Chill Vibe
0utlOiJy2weVl9WTkcEWHy,Neighbors,J. Cole,2,Chill Vibe
0v2LUO8oTHnkjQ8MmKuXyk,raindrops (an angel cried),Ariana Grande,2,Chill Vibe
0vVMlbdYx2080Oa9FndPZr,long story short,Taylor Swift,2,Chill Vibe
0veNpTQFqfmTX0rsJmO2rO,"The Man, The Myth, The Legend - Interlude",Juice WRLD,2,Chill Vibe
0vmANNClszGQZ0FISySK61,I Saw Mommy Kissing Santa Claus,The Jackson 5,2,Chill Vibe
0w1ZtnzQmtmuuoKxHT0pLL,Summer Games,Drake,2,Chill Vibe
0wavGRldH0AWyu2zvTz8zb,Sweet Nothing,Taylor Swift,2,Chill Vibe
0wfbD5rAksdXUzRvMfM3x5,The One,The Chainsmokers,2,Chill Vibe
0xPaZrF25ltzvz1a2Pm5DQ,All I Want for Christmas Is You,Michael Bublé,2,Chill Vibe
0xxZY5C9xxij3D1HkzbnfC,Monster Mash,"Bobby ""Boris"" Pickett, The Crypt-Kickers",2,Chill Vibe
0y1QJc3SJVPKJ1OvFmFqe6,Way down We Go,KALEO,2,Chill Vibe
0zlGnseLGzRIBA0TJcb3Bo,"Manike (From ""Thank God"")","Yohani, Jubin Nautiyal, Tanishk Bagchi, Rashmi Virag, Surya Ragunaathan",2,Chill Vibe
10IfXtjKQmOiON7tNAHv0y,Yours,JIN,2,Chill Vibe
10ImcQk9tihY1EKMDIbvXJ,To Be Loved,Adele,2,Chill Vibe
12M5uqx0ZuwkpLp5rJim1a,Cornelia Street,Taylor Swift,2,Chill Vibe
135Lf4Q0CzlMNfOxbEUsLH,GHOST TOWN,Benson Boone,2,Chill Vibe
137mSruegm1u6x9NvwiagR,Unstable (feat. The Kid LAROI),"Justin Bieber, The Kid LAROI",2,Chill Vibe
13CVSGLSFl4UxpDVR6u3dq,Strangers By Nature,Adele,2,Chill Vibe
13HVjjWUZFaWilh2QUJKsP,Let It Go,James Bay,2,Chill Vibe
13HsOwrwTA5HgLuoaDHncP,RUNITUP (feat. Teezo Touchdown),"Tyler, The Creator, Teezo Touchdown",2,Chill Vibe
13e6f8t7RKXuxZ0JdaaJRG,Jorja Interlude,Drake,2,Chill Vibe
13jRSCLoWbCoU1XEdJRbgn,Saturn Returns Interlude,Ariana Grande,2,Chill Vibe
14JzyD6FlBD5z0wV5P07YI,when the party's over,Billie Eilish,2,Chill Vibe
14SaZBTjxlorHJQxXh01Hu,Girls Need Love (with Drake) - Remix,"Summer Walker, Drake",2,Chill Vibe
14msK75pk3pA33pzPVNtBF,7 rings,Ariana Grande,2,Chill Vibe
152lZdxL1OR0ZMW6KquMif,Location,Khalid,2,Chill Vibe
15xWRPHQMeqgdkGzInx3PY,Falling Like The Stars,James Arthur,2,Chill Vibe
16x6tqeSkIjoLEf7SJLlYy,Ratchet Happy Birthday,Drake,2,Chill Vibe
16x9bQHw8TBNaGDyULvwad,before I close my eyes,XXXTENTACION,2,Chill Vibe
17cia5k4BpGVlyEfqrFH50,Can’t Catch Me Now - from The Hunger Games: The Ballad of Songbirds & Snakes,Olivia Rodrigo,2,Chill Vibe
186NCtNk1tUYS7c2DxgJ7O,Christmas Tree,V,2,Chill Vibe
18HOjcvTVV7W8YzBuOsAPS,Un Verano Sin Ti,Bad Bunny,2,Chill Vibe
18ddJHQ7CUzNBiy55L0Xjj,WFM,RealestK,2,Chill Vibe
18ssFhD04lWo1RzpcohnrG,Anyone,Demi Lovato,2,Chill Vibe
18uwL0vNUanqZH0ro2QcOP,comethru,Jeremy Zucker,2,Chill Vibe
18zQTt3ifDv6iLni2YuXMg,Born Again,Rihanna,2,Chill Vibe
193Dm5SqYy3hTSbuzxbwKc,Writer In The Dark,Lorde,2,Chill Vibe
19CSr8rwW05VJL2F91KFNK,ivy,Taylor Swift,2,Chill Vibe
19Fg3WrTfo35Ji3PtfZE6J,Auntie Diaries,Kendrick Lamar,2,Chill Vibe
19GVttbvglsRrRB8FGGM05,Komang,Raim Laode,2,Chill Vibe
19HA9J80qZfIkAnp2g8N2S,Famous,21 Savage,2,Chill Vibe
1AVu7Kc2MRrLfOG1RCEf07,Aura,"Ozuna, Arthur Hanlon",2,Chill Vibe
1AhDOtG9vPSOmsWgNW0BEY,Bohemian Rhapsody - Remastered 2011,Queen,2,Chill Vibe
1AqemxWsT0iGg5Lvkm16Bt,Fukk Sleep (feat. FKA twigs),"A$AP Rocky, FKA twigs",2,Chill Vibe
1ArLnG0bHaHPXqf08sEKM0,Consequences - orchestra,Camila Cabello,2,Chill Vibe
1Av69kr9JitqPWo7WJLS5q,Can We Kiss Forever?,"Kina, Adriana Proenza",2,Chill Vibe
1BYZxKSf0aTxp8ZFoeyM3d,we fell in love in october,girl in red,2,Chill Vibe
1BkY0N8ChFk2mdLbAUu8ZK,Pass The Dutchie,Musical Youth,2,Chill Vibe
1DMEzmAoQIikcL52psptQL,TEST DRIVE,Joji,2,Chill Vibe
1DNA2z7Txysjk3cNz2nDLm,WFM,RealestK,2,Chill Vibe
1DRJZUVcs6i6TkdNUXAi6m,Estamos Bien,Bad Bunny,2,Chill Vibe
1DUSuNhF8P5vUGNPpQiZa5,My Bad,Khalid,2,Chill Vibe
1DWZUa5Mzf2BwzpHtgbHPY,Good News,Mac Miller,2,Chill Vibe
1ENdcyhqdylaLsPVgB83qq,Rags2Riches (feat. ATR Son Son),"Rod Wave, ATR Son Son",2,Chill Vibe
1FBi1YWCAxlRmfuUbMINqO,Runaway,Lil Peep,2,Chill Vibe
1G1R0XgChe18Zr1o6tlmN6,Watercolor Eyes - From “Euphoria” An HBO Original Series,Lana Del Rey,2,Chill Vibe
1GQ3cCJMAhLqWARyVZWxnO,Mele Kalikimaka - Single Version,"Bing Crosby, The Andrews Sisters",2,Chill Vibe
1GpWY5RiInhezB8wGWs6oN,7969 Santa,Drake,2,Chill Vibe
1HNywa8Bk0TmzRwQrzhtPo,I Guess I Just Feel Like,John Mayer,2,Chill Vibe
1HfMVBKM75vxSfsQ5VefZ5,Lose You To Love Me,Selena Gomez,2,Chill Vibe
1HwDRgozGBMyfJTQUfz09A,Ticking,Zach Bryan,2,Chill Vibe
1IF5UcqRO42D12vYwceOY6,From the Dining Table,Harry Styles,2,Chill Vibe
1IcR6RlgvDczfvoWJSSY2A,It's the Most Wonderful Time of the Year,Andy Williams,2,Chill Vibe
1J14CdDAvBTE1AJYUOwl6C,Arcade,Duncan Laurence,2,Chill Vibe
1JSTJqkT5qHq8MDJnJbRE1,Every Breath You Take,The Police,2,Chill Vibe
1KXFoiT2n4QXRsFvhWNI4I,Why,Shawn Mendes,2,Chill Vibe
1LmkdWSxjCV7wKTPsCvYWN,Winter Wonderland - Spotify Singles Holiday,Laufey,2,Chill Vibe
1MJHXJ8bdoynpEtCLCbkWf,Overdrive,Drake,2,Chill Vibe
1MgV7FIyNxIG7WzMRJV5HC,my tears ricochet,Taylor Swift,2,Chill Vibe
1NJcg626wLln4pGHpiV7mf,lovely (with Khalid),"Billie Eilish, Khalid",2,Chill Vibe
1NlK2NtpuUazpziLhnJwEV,Phantom Regret by Jim,The Weeknd,2,Chill Vibe
1PDP7mLiAMwhfmgIwzhOm2,Yebba’s Heartbreak,"Drake, Yebba",2,Chill Vibe
1PIgY9ybyFT9uWLM5POYGY,All The Parties (feat. Chief Keef),"Drake, Chief Keef",2,Chill Vibe
1PZDyestTVydtHpaIcfUJg,Chemtrails Over The Country Club,Lana Del Rey,2,Chill Vibe
1PfUKiMDKIlPEF9FfdJawc,hope is a dangerous thing for a woman like me to have - but I have it,Lana Del Rey,2,Chill Vibe
1QCqedB1ibmRO9x7Ikb5LI,Ok Ok pt 2,Kanye West,2,Chill Vibe
1Qi2wh8fFgDV7tl4Sj3f2K,Have Yourself A Merry Little Christmas,Sam Smith,2,Chill Vibe
1SmiQ65iSAbPto6gPFlBYm,It’s Nice To Have A Friend,Taylor Swift,2,Chill Vibe
1TEL6MlSSVLSdhOSddidlJ,needy,Ariana Grande,2,Chill Vibe
1TUuhV75FeOF6UObRsABo2,Don't Think Jesus,Morgan Wallen,2,Chill Vibe
1Ukxccao1BlWrPhYkcXbwZ,From The Start,Laufey,2,Chill Vibe
1UwUhKmFxGKs59xiWO60Sx,I Ain’t Quite Where I Think I Am,Arctic Monkeys,2,Chill Vibe
1VGzxJnVQND7Cg5H5wGj14,YEAH RIGHT,Joji,2,Chill Vibe
1VdZ0vKfR5jneCmWIUAMxK,The A Team,Ed Sheeran,2,Chill Vibe
1VuAamHM7P3VQQEXYGG3Uu,Joy To The World,Nat King Cole,2,Chill Vibe
1Wf14bTyb6UeKojy8ykPYm,Happy Holiday / The Holiday Season,Andy Williams,2,Chill Vibe
1XBc4r6ltXjkFJBrsttwIF,Rockin' Around The Christmas Tree,Brenda Lee,2,Chill Vibe
1XJ93XskwJf7PCyIVLbNBt,Anxiety (with Selena Gomez),"Julia Michaels, Selena Gomez",2,Chill Vibe
1Xi84slp6FryDSCbzq4UCD,Arcade,Duncan Laurence,2,Chill Vibe
1XjHRolIXL2M1EEOUsGGR4,cowboy like me,Taylor Swift,2,Chill Vibe
1Y3LN4zO1Edc2EluIoSPJN,Until I Found You (with Em Beihold) - Em Beihold Version,"Stephen Sanchez, Em Beihold",2,Chill Vibe
1ZMiCix7XSAbfAJlEZWMCp,Falling,Harry Styles,2,Chill Vibe
1Znlc3UZAbSodFaMBjdpsX,love yourself (interlude),XXXTENTACION,2,Chill Vibe
1a5Yu5L18qNxVhXx38njON,Hear Me Now,"Alok, Zeeba, Bruno Martini",2,Chill Vibe
1aLNpg2kKvUncflV8xE5AA,Linger,The Cranberries,2,Chill Vibe
1bhUWB0zJMIKr9yVPrkEuI,Perfect Duet (Ed Sheeran & Beyoncé),"Ed Sheeran, Beyoncé",2,Chill Vibe
1bjeWoagtHmUKputLVyDxQ,Saturn,SZA,2,Chill Vibe
1cCXT1cErAY6tmIqHbodrt,The Remorse,Drake,2,Chill Vibe
1cImYkHOQMFE7AZC9aOk4y,Jingle Bell Rock,Bobby Helms,2,Chill Vibe
1crSsvtU9wZB15dIQXV2QH,Moving On and Getting Over,John Mayer,2,Chill Vibe
1dGr1c8CrMLDpV6mPbImSI,Lover,Taylor Swift,2,Chill Vibe
1dPNJDYuW9QAtkOpK3eBvO,God Breathed,Kanye West,2,Chill Vibe
1eIXYZWEfJO3Na2LCCnIJE,Love Language,SZA,2,Chill Vibe
1eIsyfDHoEbemSnQFsgyAv,Party Girl (Remix),"StaySolidRocky, Lil Uzi Vert",2,Chill Vibe
1eaqMiiUn2P7MnqJK4XeK0,TALKING,"¥$, Kanye West, Ty Dolla $ign",2,Chill Vibe
1ere9b9vDw2N3m9d4uiXxa,Facas - Ao Vivo,"Diego & Victor Hugo, Bruno & Marrone",2,Chill Vibe
1foCxQtxBweJtZmdxhEHVO,Santa Baby (with Henri René & His Orchestra),"Eartha Kitt, Henri René and His Orchestra",2,Chill Vibe
1fxYz1s15pyZLsJT0Hdh1m,late at night,Roddy Ricch,2,Chill Vibe
1fzAuUVbzlhZ1lJAx9PtY6,Daylight,Taylor Swift,2,Chill Vibe
1gng5xQBiYCVDkHS0IKLyk,Estamos Bien,Bad Bunny,2,Chill Vibe
1hy6kKvsPbv7VTcllCuATC,I'll Be Home,Meghan Trainor,2,Chill Vibe
1i4F583d9v9RabcfOlKKVL,Love In Slow Motion,Ed Sheeran,2,Chill Vibe
1i9lZvlaDdWDPyXEE95aiq,TELEKINESIS (feat. SZA & Future),"Travis Scott, SZA, Future",2,Chill Vibe
1iQDltZqI7BXnHrFy4Qo1k,Trampoline (with ZAYN),"SHAED, ZAYN",2,Chill Vibe
1iSqfoUFnQwV0QW1EfUit8,Suicidal,YNW Melly,2,Chill Vibe
1is8gU4RVcN4J8xItxWoOY,I GUESS I'M IN LOVE,Clinton Kane,2,Chill Vibe
1jIMjbzcGCcCQn5iMu9CUc,That's Hilarious,Charlie Puth,2,Chill Vibe
1k1Bqnv2R0uJXQN4u6LKYt,Ain't No Sunshine,Bill Withers,2,Chill Vibe
1kwnxJNVl7cwcU98RvMBaR,Surf,Mac Miller,2,Chill Vibe
1lCRw5FEZ1gPDNPzy1K4zW,We Are The Champions - Remastered 2011,Queen,2,Chill Vibe
1mXVgsBdtIVeCLJnSnmtdV,Too Good At Goodbyes,Sam Smith,2,Chill Vibe
1mjAD7IYvI5UGiB7WnppMf,BBL Love - Interlude,Drake,2,Chill Vibe
1mw0RgNXIpYRyyCdBQbLgA,Love Of My Life,Harry Styles,2,Chill Vibe
1n4jwRVXdkK2U34nBDUKKT,BLOOD.,Kendrick Lamar,2,Chill Vibe
1nXZnTALNXiPlvXotqHm66,A BOY IS A GUN*,"Tyler, The Creator",2,Chill Vibe
1nYzjrdVQ8RpF93M0jPFW7,Remember That Night?,Sara Kays,2,Chill Vibe
1oOEkBNp4zWnkD7nWjJdog,Snow On Tha Bluff,J. Cole,2,Chill Vibe
1odExI7RdWc4BT515LTAwj,Daylight,David Kushner,2,Chill Vibe
1onfcprzpSGh2LqrBh17AA,Lips,The xx,2,Chill Vibe
1qyFlfPREPbRcS2BNszdYI,Dreams Money Can Buy,Drake,2,Chill Vibe
1rv46mRwDqMEhOBZ7vODg3,It's Beginning to Look a Lot like Christmas,Michael Bublé,2,Chill Vibe
1tT55K6VEyO6XFDxK4lDQe,In My Head,Peter Manos,2,Chill Vibe
1tkg4EHVoqnhR6iFEXb60y,What You Know Bout Love,Pop Smoke,2,Chill Vibe
1u9oZzM8CTeCMXsdTXaOtY,Ali Cabbar,Emir Can İğrek,2,Chill Vibe
1uAOCTevGnyKIDbgZdOCnE,Voilà,Barbara Pravi,2,Chill Vibe
1v1oIWf2Xgh54kIWuKsDf6,Runaway,AURORA,2,Chill Vibe
1wTopxO5eQBpxrBXPSbsUn,A&W,Lana Del Rey,2,Chill Vibe
1wUnuiXMMvhudmzvcCtlZP,Get Up,NewJeans,2,Chill Vibe
1wjzFQodRWrPcQ0AnYnvQ9,I Like Me Better,Lauv,2,Chill Vibe
1wtOxkiel43cVs0Yux5Q4h,Snow On The Beach (feat. Lana Del Rey),"Taylor Swift, Lana Del Rey",2,Chill Vibe
1xK59OXxi2TAAAbmZK0kBL,Romantic Homicide,d4vd,2,Chill Vibe
1xwAWUI6Dj0WGC3KiUPN0O,Vigilante Shit,Taylor Swift,2,Chill Vibe
1yxcKrEcxt4O03IIC25yHk,Winter Wonderland,Tony Bennett,2,Chill Vibe
1zayuwd1YLZsYDArkruHdL,The Heart Part 4,Kendrick Lamar,2,Chill Vibe
1zejeOnykpCoyVSit6Bwp3,hope ur ok,Olivia Rodrigo,2,Chill Vibe
224EVTFiLsdQignUFLvDeH,Pa Mí - Remix,"Dalex, Rafa Pabön, KHEA, Sech, Feid, Cazzu, Lenny Tavárez",2,Chill Vibe
22sAwsBH0NoNJXnrBenQuO,Sem Aliança no Dedo,"MC Xenon, Os Gemeos da Putaria",2,Chill Vibe
2374M0fQpWi3dLnB54qaLX,Africa,TOTO,2,Chill Vibe
23Z3bbYcl1PdcPJemLa4zc,Flight's Booked,Drake,2,Chill Vibe
23luOrEVHMfoX0AhfbQuS6,FEAR.,Kendrick Lamar,2,Chill Vibe
24FUBxaAYSBlWsbSnEzDcn,Members Only (feat. PARTYNEXTDOOR),"Drake, PARTYNEXTDOOR",2,Chill Vibe
24MGEzm6xAO1nFgVVp37YI,The Night We Met,Lord Huron,2,Chill Vibe
2500EpUpryOBJX0rO8fDuB,A Tu Manera,"Junior H, Peso Pluma",2,Chill Vibe
25OeKzcqakFPaJlXHPE5lm,Primera Cita,Carin Leon,2,Chill Vibe
25leEEaz1gIpp7o21Fqyjo,Here Comes Santa Claus (Right Down Santa Claus Lane) - 1947 Version,Gene Autry,2,Chill Vibe
25uBGaikHi0DhMiGMfuXYE,Painting Pictures,Polo G,2,Chill Vibe
26Fqtv4Aa7kyd1WWGHai6A,Privilege,The Weeknd,2,Chill Vibe
26G5nmIx7Yvq79bIIluyZV,Once A Day,Mac Miller,2,Chill Vibe
26QApq0cuO9brJigr0C0W4,HACIENDO QUE ME AMAS,Bad Bunny,2,Chill Vibe
26b3oVLrRUaaybJulow9kz,People,Libianca,2,Chill Vibe
26cvTWJq2E1QqN4jyH2OTU,Tak Segampang Itu,Anggi Marito,2,Chill Vibe
273QnyCvJB65rScHJ1nPZb,Make You Feel My Love,Adele,2,Chill Vibe
278kSqsZIiYp8p3QjYAqa8,NI BIEN NI MAL,Bad Bunny,2,Chill Vibe
27RYrbL6S02LNVhDWVl38b,Happy Xmas (War Is Over) - Remastered 2010,"John Lennon, Yoko Ono",2,Chill Vibe
27qAMKrDdKEs8HDXcvR24R,Driving Home for Christmas - 2019 Remaster,Chris Rea,2,Chill Vibe
28aEiMfveru430xmXhDCy3,Fuck it I love you,Lana Del Rey,2,Chill Vibe
299lFlaAsNQdgbIZNPmIA0,Christmas Time Is Here,Vince Guaraldi Trio,2,Chill Vibe
2AaaE0qvFWtyT8srKNfRhH,Komang,Raim Laode,2,Chill Vibe
2AfWCBwGGCsZtvVnGF3QYE,Intro,J. Cole,2,Chill Vibe
2Az5ykbQiZtFWtACCMvWlP,Rich - Interlude,Kendrick Lamar,2,Chill Vibe
2BLdelIp46CHvKkyWeqZHL,ERE,juan karlos,2,Chill Vibe
2BcnxwxBuar5wjCaLqm5N3,Until I Bleed Out,The Weeknd,2,Chill Vibe
2BrzlUj1u1CtvaJDGIKpsP,Make Me (Cry),"Noah Cyrus, Labrinth",2,Chill Vibe
2C0hTkdEoikhKzDCJl32QZ,Crowded Room (feat. 6LACK),"Selena Gomez, 6LACK",2,Chill Vibe
2CSRrnOEELmhpq8iaAi9cd,Blind,SZA,2,Chill Vibe
2CVChktEKBsM6v4IfdFU5k,double take,Dhruv,2,Chill Vibe
2DuPBbS5mIldXnh7Wum8Cy,My Little Love,Adele,2,Chill Vibe
2EBnvom1dTybtm75a3Xh1T,feel like shit,Tate McRae,2,Chill Vibe
2EFZ9emtKWEglWUQGEQ3P9,Never Grow Up (Taylor's Version),Taylor Swift,2,Chill Vibe
2EjXfH91m7f8HiJN1yQg97,Rockin' Around The Christmas Tree,Brenda Lee,2,Chill Vibe
2FPfeYlrbSBR8PwCU0zaqq,Have Yourself A Merry Little Christmas - Remastered 1999,Frank Sinatra,2,Chill Vibe
2Fxmhks0bxGSBdJ92vM42m,bad guy,Billie Eilish,2,Chill Vibe
2GThBgzZoZfz0lx1JjBwfe,Those Eyes,New West,2,Chill Vibe
2GriTXl7gRSBv1A2IGZtnL,Juice WRLD Speaks From Heaven - Outro,Juice WRLD,2,Chill Vibe
2H3wWrnO758y0fPH7Ilerg,Depression & Obsession,XXXTENTACION,2,Chill Vibe
2H4gf1wLxvYreMj1jcaN0k,Be Alright,Dean Lewis,2,Chill Vibe
2HSmyk2qMN8WQjuGhaQgCk,Champagne Poetry,Drake,2,Chill Vibe
2HafqoJbgXdtjwCOvNEF14,Si No Estás,iñigo quintero,2,Chill Vibe
2IKJtXeR5UsaUjZB46fTOK,six thirty,Ariana Grande,2,Chill Vibe
2INhKpUdzh7v0j041gZNsz,DHL,Frank Ocean,2,Chill Vibe
2IOFZdYYkFxEHVz1w34PoL,Cherry,Harry Styles,2,Chill Vibe
2IwbW2jd0Ncv99Aroe77Ru,Crown,Kendrick Lamar,2,Chill Vibe
2J6OF7CkpdQGSfm1wdclqn,Clouded,Brent Faiyaz,2,Chill Vibe
2KnLkZ3z7PO3kgVGHGqDpD,It'll Be Okay,Shawn Mendes,2,Chill Vibe
2KoHxhRyWxJzA0VafWd5Nk,My Oasis (feat. Burna Boy),"Sam Smith, Burna Boy",2,Chill Vibe
2L9N0zZnd37dwF0clgxMGI,ceilings,Lizzy McAlpine,2,Chill Vibe
2L9QLAhrvtP4EYg1lY0Tnw,Rudolph The Red-Nosed Reindeer,Dean Martin,2,Chill Vibe
2LSsSV7V33wM9EKQA2xjGS,Con La Brisa,"Foudeqush, Ludwig Göransson",2,Chill Vibe
2MJz8BxxMsERULatmBikDH,At My Worst,Pink Sweat$,2,Chill Vibe
2Na0z2gfN67Rzf0vp74Wi3,Lose You,Drake,2,Chill Vibe
2NbsBSshscKIPRG3kwBbfo,Never Felt So Alone,Labrinth,2,Chill Vibe
2Nc1v8I86FUGorwjXKo0in,"Belly, The Weeknd - Die For It (ft. Nas)","Belly, The Weeknd, Nas",2,Chill Vibe
2NmsngXHeC1GQ9wWrzhOMf,illicit affairs,Taylor Swift,2,Chill Vibe
2OcSE0EXzgUuqkM1NIJPHJ,Wasting Angels (with The Kid LAROI),"Post Malone, The Kid LAROI",2,Chill Vibe
2P91MQbaiQOfbiz9VqhqKQ,I Like Me Better,Lauv,2,Chill Vibe
2Pn76oik9rWyoBShTSNY9Q,White Mustang,Lana Del Rey,2,Chill Vibe
2Q0aElTZQtEUsoiaQfizu6,PARASAIL (feat. Yung Lean & Dave Chappelle),"Travis Scott, Yung Lean, Dave Chappelle",2,Chill Vibe
2QDyYdZyhlP2fp79KZX8Bi,mad woman,Taylor Swift,2,Chill Vibe
2QoOyCFpDo4NblMLP7vBRT,Is There More,Drake,2,Chill Vibe
2R7858bg0GHuBBxjTyOL7N,Careless Whisper,George Michael,2,Chill Vibe
2RAeY8dPj6KmStROfEigjV,Peak,Drake,2,Chill Vibe
2Rd4eJ4KwXQQn2sMSToyUM,Moon,Kanye West,2,Chill Vibe
2RttW7RAu5nOAfq6YFvApB,Happier,Ed Sheeran,2,Chill Vibe
2SBr3MK1sdMs8IxdRcN6qz,Santa Baby,Kylie Minogue,2,Chill Vibe
2Sjx8DWZO5zaTyTAmgo2gY,Gone Girl,SZA,2,Chill Vibe
2TIlqbIneP0ZY1O0EzYLlc,Someone You Loved,Lewis Capaldi,2,Chill Vibe
2TJ1FOCmCBkKm418MjVw5D,Donda,Kanye West,2,Chill Vibe
2TOzTqQXNmR2zDJXihjZ2e,enough for you,Olivia Rodrigo,2,Chill Vibe
2TktkzfozZifbQhXjT6I33,Evergreen (You Didn’t Deserve Me At All),Omar Apollo,2,Chill Vibe
2UU11hvjN1JIn4iihEodNT,Blue,V,2,Chill Vibe
2UwbhMie1EAYuTZ0QXeMwl,Save Me,XXXTENTACION,2,Chill Vibe
2VgJDTfkuwlm7WIHnvtRCQ,You Are The Reason,Calum Scott,2,Chill Vibe
2VxeLyX666F8uXCJ0dZF8B,Shallow,"Lady Gaga, Bradley Cooper",2,Chill Vibe
2WL6GQzPuK9Nrpy9XwNEbz,Something In The Way,Nirvana,2,Chill Vibe
2XKFnwB6djxrJCjR3PdeRb,My Bad,Khalid,2,Chill Vibe
2Yv2mHzr5AQavVdwQjEokV,Hand Me Downs,Mac Miller,2,Chill Vibe
2ZRo7axmMPeSVUvDbGkJah,Hope,XXXTENTACION,2,Chill Vibe
2ZTYlnhhV1UAReg7wIGolx,To Die For,Sam Smith,2,Chill Vibe
2aG2nLUd8NNI7vFuOLBCe0,Autre monde,PNL,2,Chill Vibe
2aJnyNu4PQxQ2lyj5boiMG,I Hate U,SZA,2,Chill Vibe
2aTKrdenCq5qBOoJPFdn4P,Here's Your Perfect,Jamie Miller,2,Chill Vibe
2b8fOow8UzyDFAE27YhOZM,Memories,Maroon 5,2,Chill Vibe
2bdqU7C4softKNcMYDFi96,chaotic,Tate McRae,2,Chill Vibe
2c6xRsQBv7pynuhYhWoHxo,Woman Like Me,Adele,2,Chill Vibe
2dHoVW9AxJVSRebPRyV2aA,Gone,ROSÉ,2,Chill Vibe
2dfHh7ECGxfNqZTQno09Vk,Hearts Don't Break Around Here,Ed Sheeran,2,Chill Vibe
2dgrYdgguVZKeCsrVb9XEs,What's the Use?,Mac Miller,2,Chill Vibe
2dqLk7ezV15LEJEwUmEbXB,Down,Marian Hill,2,Chill Vibe
2ez6qvOTHKeI3ss80NGqnI,Trampoline (with ZAYN),"SHAED, ZAYN",2,Chill Vibe
2fkeWbM6iqTw7oGHTYm2lw,4422,"Drake, Sampha",2,Chill Vibe
2gMXnyrvIjhVBUZwvLZDMP,Before You Go,Lewis Capaldi,2,Chill Vibe
2gQPv5jvVPqU2a9HhMNO1v,Toxic,BoyWithUke,2,Chill Vibe
2gbCG4Rt9984UZ7Tc0dIFd,White Christmas (with Shania Twain),"Michael Bublé, Shania Twain",2,Chill Vibe
2grAr8pWMuLWn8ZYEE9wDV,Never Seen the Rain,Tones And I,2,Chill Vibe
2gzhQaCTeNgxpeB2TPllyY,With you,"Jimin, HA SUNG WOON",2,Chill Vibe
2hHeGD57S0BcopfVcmehdl,Hati-Hati di Jalan,Tulus,2,Chill Vibe
2hLu8L8SNfCN4yKyPdX0h3,That's What Love Is,Justin Bieber,2,Chill Vibe
2hfoyc7ve6xM4ZEiNIiU1B,Gimme Love,Joji,2,Chill Vibe
2jyjhRf6DVbMPU5zxagN2h,Let Her Go,Passenger,2,Chill Vibe
2kJwzbxV2ppxnQoYw4GLBZ,If the World Was Ending (feat. Julia Michaels),"JP Saxe, Julia Michaels",2,Chill Vibe
2kaNmAbqrtOf7Rdr3fnCWl,Toxic,BoyWithUke,2,Chill Vibe
2ksyzVfU0WJoBpu8otr4pz,METAMORPHOSIS,INTERWORLD,2,Chill Vibe
2mYDDUkBcgFNBqkWctyyuc,Overdue (with Travis Scott),"Metro Boomin, Travis Scott",2,Chill Vibe
2mb6YdoavL6db22p7XKJQZ,Burning,Sam Smith,2,Chill Vibe
2mdEsXPu8ZmkHRRtAdC09e,Cinnamon Girl,Lana Del Rey,2,Chill Vibe
2mnXxnrX5vCGolNkaFvVeM,La Jumpa,"Arcángel, Bad Bunny",2,Chill Vibe
2nC3QhMI9reBIOWutbU3Tj,Moral of the Story,Ashe,2,Chill Vibe
2nMeu6UenVvwUktBCpLMK9,Young And Beautiful,Lana Del Rey,2,Chill Vibe
2o1pb13quMReXZqE7jWsgq,intro (end of the world),Ariana Grande,2,Chill Vibe
2oe6dDthgthqUkfL3czpEd,"ALONE, PART 3",XXXTENTACION,2,Chill Vibe
2pXpURmn6zC5ZYDMms6fwa,It's Beginning to Look a Lot Like Christmas (with Mitchell Ayres & His Orchestra),"Perry Como, The Fontane Sisters, Mitchell Ayres & His Orchestra",2,Chill Vibe
2pnPe4pJtq7689i5ydzvJJ,Run Rudolph Run,Chuck Berry,2,Chill Vibe
2poOAWEj1CStqTVPgIHZ8s,Try Me,The Weeknd,2,Chill Vibe
2psRActEWsTlYYd7EDoyVR,Those Eyes,New West,2,Chill Vibe
2q6tgiA9tpb6DMguABwCWE,All of Me,John Legend,2,Chill Vibe
2qG81jL9UIP54uS8gYyP4k,Who,"Lauv, BTS",2,Chill Vibe
2qxmye6gAegTMjLKEBoR3d,Let Me Down Slowly,Alec Benjamin,2,Chill Vibe
2t16D9V5FmmRAJjsSpwvZf,When I R.I.P.,Labrinth,2,Chill Vibe
2tGvwE8GcFKwNdAXMnlbfl,happier,Olivia Rodrigo,2,Chill Vibe
2tI4WyzqOOwC23S5m0kqcB,At My Worst,Pink Sweat$,2,Chill Vibe
2uFaJJtFpPDc5Pa95XzTvg,Let It Snow! Let It Snow! Let It Snow!,Dean Martin,2,Chill Vibe
2uIX8YMNjGMD7441kqyyNU,ocean eyes,Billie Eilish,2,Chill Vibe
2uaiyLKnYvazyfR0Ky3Kbk,Let Me Down Slowly,Alec Benjamin,2,Chill Vibe
2uhw2oYbugGJbn10wipNX5,Novidade na Área,"Mc Livinho, DJ Matt D",2,Chill Vibe
2vQwlW8H1jFveGNXwZfJCV,Dead Inside (Interlude),XXXTENTACION,2,Chill Vibe
2x8TNY9KwNvD19gVGs4WOP,Ela É do Tipo,MC Kevin o Chris,2,Chill Vibe
2xGO2UjzxeVQSIkyg98vck,Thank God It's Christmas - Non-Album Single,Queen,2,Chill Vibe
2xXNLutYAOELYVObYb1C1S,As the World Caves In,Sarah Cothran,2,Chill Vibe
2xdwCJLfKCkat14mlgR26M,Lost Cause,Billie Eilish,2,Chill Vibe
2xyx0o4xNOLLjBSbOOdcbA,Playing Games (with Bryson Tiller) - Extended Version,"Summer Walker, Bryson Tiller",2,Chill Vibe
2yZax79pOrYuyIFVW2cZY2,Carry On,XXXTENTACION,2,Chill Vibe
2yg7MXp8nSPaf61HVkhEr3,The Void,Kid Cudi,2,Chill Vibe
2ygvZOXrIeVL4xZmAWJT2C,my future,Billie Eilish,2,Chill Vibe
31bsuKDOzFGzBAoXxtnAJm,I Guess It’s Fuck Me,Drake,2,Chill Vibe
31mzt4ZV8C0f52pIz1NSwd,Shut up My Moms Calling - (Sped Up),Hotel Ugly,2,Chill Vibe
32iYwQ4OYiurnGnOfJ1aEh,Lucid Dreams,Juice WRLD,2,Chill Vibe
34V9RiEPe8MNdU32qJsJa1,We Were Happy (Taylor’s Version) (From The Vault),Taylor Swift,2,Chill Vibe
35ovElsgyAtQwYPYnZJECg,Lift Me Up - From Black Panther: Wakanda Forever - Music From and Inspired By,Rihanna,2,Chill Vibe
35ttE4t8lQZA2vuCYDg4G7,M.A.I,Milo j,2,Chill Vibe
35z5xJpu76nakf65i1BCMl,Do You Hear What I Hear? - Remastered 2006,Bing Crosby,2,Chill Vibe
36ONiya0OANYknz0GgJmwB,Don’t Matter To Me (with Michael Jackson),"Drake, Michael Jackson",2,Chill Vibe
3707IBa4HnS3zDDoWfeUBl,I Warned Myself,Charlie Puth,2,Chill Vibe
370oYn3s5EKu7ziUpMQQTr,White Christmas,Amy Grant,2,Chill Vibe
38GBNKZUhfBkk3oNlWzRYd,NDA,Billie Eilish,2,Chill Vibe
39JRmdKFka1Oe09FoOCPI4,Selah,Kanye West,2,Chill Vibe
3AFPGvRzeKeNJbIbLwcz4G,HIM,Sam Smith,2,Chill Vibe
3B7udSGy2PfgoCniMSb523,I See Fire,Ed Sheeran,2,Chill Vibe
3CGZ7wfk4skmuyQgua1C1K,Chromatica I,Lady Gaga,2,Chill Vibe
3CWq0pAKKTWb0K4yiglDc4,You’re Losing Me (From The Vault),Taylor Swift,2,Chill Vibe
3CboywxfJIgvHqi2FF4exb,Loverboy,A-Wall,2,Chill Vibe
3ClBKQkKoaUQ6UOhe2xlJK,Good News,Mac Miller,2,Chill Vibe
3DKpA54hrFIdPN6AtL9HXa,I'll Never Love Again - Film Version - Radio Edit,"Lady Gaga, Bradley Cooper",2,Chill Vibe
3DeZc9cOc1DM8YNoJV8lAv,Toy en el Mic,"Bizarrap, Milo j",2,Chill Vibe
3EMp20j5E42MxfFbsEsIvD,Churchill Downs (feat. Drake),"Jack Harlow, Drake",2,Chill Vibe
3EPXxR3ImUwfayaurPi3cm,Be Alright,Dean Lewis,2,Chill Vibe
3EvZ03hGAFwGZ2Ebcu86YH,Tourniquet,Zach Bryan,2,Chill Vibe
3FAJ6O0NOHQV8Mc5Ri6ENp,Heartbreak Anniversary,Giveon,2,Chill Vibe
3Fj47GNK2kUF0uaEDgXLaD,wish you were gay,Billie Eilish,2,Chill Vibe
3GVkPk8mqxz0itaAriG1L7,Everybody Dies In Their Nightmares,XXXTENTACION,2,Chill Vibe
3GYlZ7tbxLOxe6ewMNVTkw,TV,Billie Eilish,2,Chill Vibe
3H3r2nKWa3Yk5gt8xgmsEt,This City,Sam Fischer,2,Chill Vibe
3HqcNJdZ2seoGxhn0wVNDK,PROVENZA,KAROL G,2,Chill Vibe
3IHt4j5uAEl7iBu8Utn985,Tried Our Best,Drake,2,Chill Vibe
3IJYUaN3tx04S4TYyZHKoP,Party Girl,StaySolidRocky,2,Chill Vibe
3IPJg1sdqLj12kFIndaonN,No Hay Nadie Más,Sebastian Yatra,2,Chill Vibe
3ITvHA9zhZZdBJsOsAUegF,Amorfoda,Bad Bunny,2,Chill Vibe
3JWiDGQX2eTlFvKj3Yssj3,Closed On Sunday,Kanye West,2,Chill Vibe
3JZjcKImHcmOI9ylL4zrSc,Bahamas Promises,Drake,2,Chill Vibe
3LgWsmilsrWXiPYQFRD0T7,goodbye,Billie Eilish,2,Chill Vibe
3MvY2XbGYFi6p2dgmdcOYG,Tout l'univers,Gjon's Tears,2,Chill Vibe
3Nc86B5XmDlG1KuEeSLD8x,Ew,Joji,2,Chill Vibe
3Nl5OkkmS5DaBZvuYofpAt,the grudge,Olivia Rodrigo,2,Chill Vibe
3NqBxTOMCJ3zW9CIP51td4,Jugaste y Sufrí,"Eslabon Armado, DannyLux",2,Chill Vibe
3NuLxTXowTRcguTh9RsPmM,The Joker And The Queen,Ed Sheeran,2,Chill Vibe
3O7p9Itz8PXUoAjD2vmuM6,Beautiful People Beautiful Problems (feat. Stevie Nicks),"Lana Del Rey, Stevie Nicks",2,Chill Vibe
3PAwprj5tcrX8vV9BbBL9X,Revival (Interlude),Eminem,2,Chill Vibe
3Pbp7cUCx4d3OAkZSCoNvn,Scared To Start,Michael Marcagi,2,Chill Vibe
3Q4gttWQ6hxqWOa3tHoTNi,Not You Too (feat. Chris Brown),"Drake, Chris Brown",2,Chill Vibe
3QIoEi8Enr9uHffwInGIsC,Please Come Home for Christmas - 2013 Remaster,Eagles,2,Chill Vibe
3QS9ZCtoSCJhmaJ7QNXSAS,act ii: date @ 8 (feat. Drake) - remix,"4batz, Drake",2,Chill Vibe
3QiAAp20rPC3dcAtKtMaqQ,Blue Christmas,Elvis Presley,2,Chill Vibe
3R8CyhJfVjvgIROd5RSGhQ,I Can See,Mac Miller,2,Chill Vibe
3RD0PGolM0mETGHaprwgMn,Culpables,Manuel Turizo,2,Chill Vibe
3RIgHHpnFKj5Rni1shokDj,Norman fucking Rockwell,Lana Del Rey,2,Chill Vibe
3RKjTYlQrtLXCq5ncswBPp,"Hey, Mickey!",Baby Tate,2,Chill Vibe
3RaCGXCiiMufRPoexXxGkV,Slime You Out (feat. SZA),"Drake, SZA",2,Chill Vibe
3S0OXQeoh0w6AY8WQVckRW,I'm Yours,Jason Mraz,2,Chill Vibe
3S8jK1mGzQi24ilFb45DAZ,Lonely (with benny blanco),"Justin Bieber, benny blanco",2,Chill Vibe
3T03rPwlL8NVk1yIaxeD8U,Off My Face,Justin Bieber,2,Chill Vibe
3T7dNA7O8c3Axj5WyDNcH3,Rockin' Around The Christmas Tree,Brenda Lee,2,Chill Vibe
3Tc57t9l2O8FwQZtQOvPXK,my strange addiction,Billie Eilish,2,Chill Vibe
3U4isOIWM3VvDubwSI3y7a,All of Me,John Legend,2,Chill Vibe
3Uo7WG0vmLQ07WB4BDwy7D,willow,Taylor Swift,2,Chill Vibe
3UwT4FadEGWyMdaSwYcUBY,This Town,Niall Horan,2,Chill Vibe
3VTNVsTTu05dmTsVFrmGpK,Fairytale of New York (feat. Kirsty MacColl),"The Pogues, Kirsty MacColl",2,Chill Vibe
3VlW71ZRJPEjd17W0bW28D,Donda Chant,Kanye West,2,Chill Vibe
3WMj8moIAXJhHsyLaqIIHI,Something in the Orange,Zach Bryan,2,Chill Vibe
3XF5xLJHOQQRbWya6hBp7d,you should see me in a crown,Billie Eilish,2,Chill Vibe
3XgGQ1wjo5khvq2UImjyNF,ALL MINE,Brent Faiyaz,2,Chill Vibe
3YJJjQPAbDT7mGpX3WtQ9A,Good Days,SZA,2,Chill Vibe
3YUMWmx8EJq0DurfuIwoGh,my future,Billie Eilish,2,Chill Vibe
3YxCKq3YPnTekAofhaHABZ,Jay Jay,MERO,2,Chill Vibe
3Z0oQ8r78OUaHvGPiDBR3W,Into the Unknown,"Idina Menzel, AURORA",2,Chill Vibe
3ZCTVFBt2Brf31RLEnCkWJ,everything i wanted,Billie Eilish,2,Chill Vibe
3ZVw1HR1QAQoKBygbhG4CE,I Love You Dwayne,Lil Wayne,2,Chill Vibe
3atCD3dVosUsd3KM2yzfeC,Grandpa's Space Ship,Logic,2,Chill Vibe
3bMfUUpzUzqWp9II00yRhE,Christmas Time Is Here,Vince Guaraldi Trio,2,Chill Vibe
3bNNvJA7hsGw0wSpGkfOBm,Too Sad to Dance,Jung Kook,2,Chill Vibe
3cqPu20DGTGUoZtbJH2Dmi,What If I Told You That I Love You,Ali Gatie,2,Chill Vibe
3dG6tjetoR4GMmUGZUprLt,Wouldn't Leave,"Kanye West, PARTYNEXTDOOR",2,Chill Vibe
3ddxe0WYUpNPtSnHgQOad5,I Still Have Faith In You,ABBA,2,Chill Vibe
3e6ebtUCZ0tZL1J7wvM8Xi,VOID,Lil Nas X,2,Chill Vibe
3gWzTnziivUYzqXtnvgN8q,Jonah,Kanye West,2,Chill Vibe
3gdewACMIVMEWVbyb8O9sY,"Rocket Man (I Think It's Going To Be A Long, Long Time)",Elton John,2,Chill Vibe
3hB5DgAiMAQ4DzYbsMq1IT,Love Yourself,Justin Bieber,2,Chill Vibe
3hBXvHLlTHvnbwrPbeoyAj,Jingle Bell Rock,Bobby Helms,2,Chill Vibe
3hRV0jL3vUpRrcy398teAU,The Night We Met,Lord Huron,2,Chill Vibe
3hUxzQpSfdDqwM3ZTFQY0K,august,Taylor Swift,2,Chill Vibe
3hwQhakFwm9soLEBnSDH17,Venice Bitch,Lana Del Rey,2,Chill Vibe
3hxIUxnT27p5WcmjGUXNwx,Shut up My Moms Calling,Hotel Ugly,2,Chill Vibe
3i058E8uxTsYqJ5NWZzqSj,Little Freak,Harry Styles,2,Chill Vibe
3iBgrkexCzVuPy4O9vx7Mf,Glue Song,beabadoobee,2,Chill Vibe
3iq9nhbI8fcnNamxMft1uv,Real Friends,Camila Cabello,2,Chill Vibe
3itgPtXSu4I9mr2QD6yrzP,Holy Roller (feat. Sierra Ferrell),"Zach Bryan, Sierra Ferrell",2,Chill Vibe
3jq1RpStaB1YGyN3rRZGca,Sauce!,XXXTENTACION,2,Chill Vibe
3jzbpOzoYa22FvzBkNkLvC,Bigger Than The Whole Sky,Taylor Swift,2,Chill Vibe
3ko9jEHNt4O5fjKN65ULJp,shut up,Ariana Grande,2,Chill Vibe
3krZxyBsWEHfEfJegYaWTd,Come Through (feat. Chris Brown),"H.E.R., Chris Brown",2,Chill Vibe
3lkYS3iMpWMVpaJ0yJAFrJ,I Saw Mommy Kissing Santa Claus,The Jackson 5,2,Chill Vibe
3ll9PUsB2KIliRoyGEUwFz,Peaches,Jack Black,2,Chill Vibe
3oZZfVvLJuDYc4Vn3A63Fw,Polar Opposites,Drake,2,Chill Vibe
3oh6SCCeLuXhFpEyepla6G,Thotiana,Blueface,2,Chill Vibe
3orEOtd8CPL8GFlpRpKuoE,Faith,The Weeknd,2,Chill Vibe
3pdQTWpq09XCBosbTtYIiZ,Winter Wonderland - Remastered,Bing Crosby,2,Chill Vibe
3r1cV21xPMkgCmxk8VqWOB,Cherry Lady,Capital Bra,2,Chill Vibe
3rV5y8rcQrwRt9fWGLmjOQ,All Eyes On Me,Bo Burnham,2,Chill Vibe
3rWDp9tBPQR9z6U5YyRSK4,Midnight Rain,Taylor Swift,2,Chill Vibe
3tAQNhm1o0kzldsI5QkrB1,Dream On,Aerosmith,2,Chill Vibe
3uayvzcbqFydIbgUeC6EJh,closure,Taylor Swift,2,Chill Vibe
3uhBIQ7tv8j1FME8cFGEfG,All of Me,John Legend,2,Chill Vibe
3vkCueOmm7xQDoJ17W1Pm3,My Love Mine All Mine,Mitski,2,Chill Vibe
3w9VRlKPvNxj40RdUGRweH,dorothea,Taylor Swift,2,Chill Vibe
3xKsf9qdS1CyvXSMEid6g8,Pink + White,Frank Ocean,2,Chill Vibe
3xRH6FPVtheDyNla3T1FE7,Hrs & Hrs,Muni Long,2,Chill Vibe
3xXBsjrbG1xQIm1xv1cKOt,One More Light,Linkin Park,2,Chill Vibe
3yHyiUDJdz02FZ6jfUbsmY,"Satranga (From ""ANIMAL"")","Arijit Singh, Shreyas Puranik, Siddharth - Garima",2,Chill Vibe
3yMC1KsTwh0ceXdIe4QQAQ,Fingers Crossed,Lauren Spencer Smith,2,Chill Vibe
3yNJkriPzWjkkDAWHIAVUq,Ours (Taylor’s Version),Taylor Swift,2,Chill Vibe
3yNZ5r3LKfdmjoS3gkhUCT,bad guy (with Justin Bieber),"Billie Eilish, Justin Bieber",2,Chill Vibe
3yZCjDTxzZxx1kll1sRjGc,Emotions 2.0,"Ufo361, CÉLINE",2,Chill Vibe
3zJw3rugfpVrmBeDDnUYzy,Happy Xmas (War Is Over) - Remastered 2010,"John Lennon, Yoko Ono",2,Chill Vibe
3zSSCPpLZ5Oc8nelhhGjKz,Tu hai kahan,AUR,2,Chill Vibe
3zesxb7sOGbeSwUrzLUP0f,Palace,Sam Smith,2,Chill Vibe
3zkyus0njMCL6phZmNNEeN,LET GO,Central Cee,2,Chill Vibe
3zl7j5ua8mF4JDYuxrfo01,Perfect Symphony (Ed Sheeran & Andrea Bocelli),"Ed Sheeran, Andrea Bocelli",2,Chill Vibe
40IiSjljbAhrSbdJ3HxSfH,March 14,Drake,2,Chill Vibe
40T5GIqQ1CegGm2PTEl8Bu,idontwannabeyouanymore,Billie Eilish,2,Chill Vibe
4191RXFPa7Ge9XkA4cWlna,Lost Cause,Billie Eilish,2,Chill Vibe
41zXlQxzTi6cGAjpOXyLYH,idontwannabeyouanymore,Billie Eilish,2,Chill Vibe
42ZrMq4BKsWDrrbMnMRYaK,Jail,Kanye West,2,Chill Vibe
42lqBjPYlmL1EXpMDXvhSN,Somebody’s Problem,Morgan Wallen,2,Chill Vibe
4356PL6jkERzJouVfQQkZo,High Infidelity,Taylor Swift,2,Chill Vibe
43eRVwfXFkY3kXN4K47gNT,Chico,Luísa Sonza,2,Chill Vibe
43iIQbw5hx986dUEZbr3eN,From The Start,Laufey,2,Chill Vibe
43lYaovU2FoeuBMNusVVVW,10 Freaky Girls (with 21 Savage),"Metro Boomin, 21 Savage",2,Chill Vibe
43rA71bccXFGD4C8GOpIlN,I Forgot That You Existed,Taylor Swift,2,Chill Vibe
43zdsphuZLzwA9k4DJhU0I,when the party's over,Billie Eilish,2,Chill Vibe
44V6EzbUSYgyfsNiP0FrlA,Visiting Hours,Ed Sheeran,2,Chill Vibe
44XjoNvtwevktFKjvVe1vH,Andrea,"Bad Bunny, Buscabulla",2,Chill Vibe
44mYhOVgerj2qPjkGDVA6n,It's Beginning To Look Like Christmas,Bing Crosby,2,Chill Vibe
454Epa1vrCGFddHXKyC1kb,Water,"Kanye West, Ant Clemons",2,Chill Vibe
45bE4HXI0AwGZXfZtMp8JR,you broke me first,Tate McRae,2,Chill Vibe
46DwQbCUzWr4bT0Uu2lDK8,Lonesome Train,Stan Kenton,2,Chill Vibe
46IZ0fSY2mpAiktS3KOqds,Easy On Me,Adele,2,Chill Vibe
47EWMOElkkbMp5m9SBkx7d,IDK You Yet,Alexander 23,2,Chill Vibe
47isJpIIO8m7BJEhiFhnaf,double take,Dhruv,2,Chill Vibe
47otoIkhx3fkdivEXL5OB6,Rudolph The Red-Nosed Reindeer,Burl Ives,2,Chill Vibe
48Ll1C6qAnP2UjnopQDh4a,Bala Love,"Mc Anjim, Dj Lv Mdp, DJ PH DA SERRA",2,Chill Vibe
48XfojJC87VKLlUotYV0Gm,The Truth Untold (feat. Steve Aoki),"BTS, Steve Aoki",2,Chill Vibe
496vIKS2INz840xZaKncvR,All Night Parking (with Erroll Garner) Interlude,Adele,2,Chill Vibe
4AYtqFyFbX0Xkc2wtcygTr,Soon You’ll Get Better (feat. The Chicks),"Taylor Swift, The Chicks",2,Chill Vibe
4B1rpPmQXwj78wk6aIGwwU,Two Ghosts,Harry Styles,2,Chill Vibe
4CHpVfAhuxNJ3ibExe6kxO,You All Over Me (feat. Maren Morris) (Taylor’s Version) (From The Vault),"Taylor Swift, Maren Morris",2,Chill Vibe
4D7BCuvgdJlYvlX5WlN54t,"You're On Your Own, Kid",Taylor Swift,2,Chill Vibe
4DYKah8mcZf0O4l9Gt7woU,Dissolve,Joji,2,Chill Vibe
4Day5xkFhvHLwXykznyRLA,All I Want (For Christmas),Liam Payne,2,Chill Vibe
4EZUcj7c8n9pWIwHqN0DoH,Do You Hear What I Hear,Bing Crosby,2,Chill Vibe
4EmunTy7kNBYQivOa8F6b8,Alfred - Interlude,Eminem,2,Chill Vibe
4FpfU1O7WCLBnmwu5XAFk4,Redemption Interlude,Zacari,2,Chill Vibe
4GBkffrtA51p17JH35irGA,‘tis the damn season,Taylor Swift,2,Chill Vibe
4GVwjLRT7oSsKby7Vy8EHr,Skit,BTS,2,Chill Vibe
4H7WNRErSbONkM06blBoGc,Stay,Post Malone,2,Chill Vibe
4HAOgAnILvXCbSODMoRnmD,For Us,V,2,Chill Vibe
4HBvwhhYo7YiYXkUDrOHzS,Trampoline (with ZAYN),"SHAED, ZAYN",2,Chill Vibe
4HEOgBHRCExyYVeTyrXsnL,Jingle Bells - Remastered 1999,Frank Sinatra,2,Chill Vibe
4HMop4Re0iucehmF7mgV27,act ii: date @ 8,4batz,2,Chill Vibe
4HOryCnbme0zBnF8LWij3f,Getting Older,Billie Eilish,2,Chill Vibe
4Hl9rOqYomojCmxYfr25im,White Dress,Lana Del Rey,2,Chill Vibe
4HvE2E9rXJDcQhE4YfeNuG,Let Me Love You Like A Woman,Lana Del Rey,2,Chill Vibe
4IIuCotvqijraSdnVLaFnM,Beautiful Trip,Kid Cudi,2,Chill Vibe
4IQkfUsrwXol38VV3U7t7T,Run (feat. Ed Sheeran) (Taylor’s Version) (From The Vault),"Taylor Swift, Ed Sheeran",2,Chill Vibe
4IdXngKo4g5exqZ0fQTecu,Jingle Bell Rock,Bobby Helms,2,Chill Vibe
4JE6agBLHGA5TaF6FlqfBD,As the World Caves In,Matt Maltese,2,Chill Vibe
4K1vOdIFqskQv3zoI0FdAk,Say It First,Sam Smith,2,Chill Vibe
4KULAymBBJcPRpk1yO4dOG,I Remember Everything (feat. Kacey Musgraves),"Zach Bryan, Kacey Musgraves",2,Chill Vibe
4KpKyRFwN0gcwj58Uqjv7q,STARING AT THE SKY,XXXTENTACION,2,Chill Vibe
4L7Y2OAPiY2I2GndZjAs5K,Lust For Life (with The Weeknd),"Lana Del Rey, The Weeknd",2,Chill Vibe
4MZSqgwlE71CWZ6qQ3gkKm,<3,Bad Bunny,2,Chill Vibe
4MrfQL4TYQXJBlZYpAHTuE,"Baby, It's Cold Outside",Dean Martin,2,Chill Vibe
4Mteyd60tfstDuzfkGqXx1,Too Late,SZA,2,Chill Vibe
4NzMOnvSJVNKF7nw5NkXIP,bury a friend,Billie Eilish,2,Chill Vibe
4O3RwH1TFG1EjPezLIYehI,Life's A Mess II (with Clever & Post Malone),"Juice WRLD, Clever, Post Malone",2,Chill Vibe
4OBZT9EnhYIV17t4pGw7ig,Best Part (feat. H.E.R.),"Daniel Caesar, H.E.R.",2,Chill Vibe
4OEOEsOhlzDqQuewiuPJAc,Whiskey (feat. A$AP Rocky),"Maroon 5, A$AP Rocky",2,Chill Vibe
4Of7rzpRpV1mWRbhp5rAqG,Bruises,Lewis Capaldi,2,Chill Vibe
4OmfWzukSVD140NiAIEjem,Static,Steve Lacy,2,Chill Vibe
4P9Q0GojKVXpRTJCaL3kyy,All Of The Girls You Loved Before,Taylor Swift,2,Chill Vibe
4PANCoXZX3RaT2D6mqSdEU,changes,XXXTENTACION,2,Chill Vibe
4PMqSO5qyjpvzhlLI5GnID,Good Days,SZA,2,Chill Vibe
4PS1e8f2LvuTFgUs1Cn3ON,The Christmas Song (Merry Christmas To You),Nat King Cole,2,Chill Vibe
4PV0uE5pZSh44E3NqNNDEH,Selfish,Madison Beer,2,Chill Vibe
4QIo4oxwzzafcBWkKjDpXY,xanny,Billie Eilish,2,Chill Vibe
4QfNOZN7vrQCQKK1ZJ3XPb,Heaven,Julia Michaels,2,Chill Vibe
4R2kfaDFhslZEMJqAFNpdd,cardigan,Taylor Swift,2,Chill Vibe
4RVwu0g32PAqgUiJoXsdF8,Happier Than Ever,Billie Eilish,2,Chill Vibe
4RzpCjByV1NWUGKVQGuej6,Internet,Post Malone,2,Chill Vibe
4S2WtfT03YDIlXEwSX4Tjd,Nothing Left For You,Sam Smith,2,Chill Vibe
4SSnFejRGlZikf02HLewEF,bury a friend,Billie Eilish,2,Chill Vibe
4T2zre0jqstNJ5Gt0WG9lz,Not My Responsibility,Billie Eilish,2,Chill Vibe
4UAW2gObi5o6sJla0qZpPn,Mariners Apartment Complex,Lana Del Rey,2,Chill Vibe
4UG2Fm0E98LhE2dlNxiAXx,this is what falling in love feels like,JVKE,2,Chill Vibe
4UKCKdYiLN6IMA5ZESUTL7,the remedy for a broken heart (why am I so in love),XXXTENTACION,2,Chill Vibe
4UMIv5jd9gK98a39BQRD9X,Kesariya,"Pritam, Arijit Singh, Amitabh Bhattacharya",2,Chill Vibe
4UwqOWDpdeIDVQDuKT6iza,You Are In Love (Taylor's Version),Taylor Swift,2,Chill Vibe
4V6MRo0CEAC9MwAm7dkPuL,Real Friends,Camila Cabello,2,Chill Vibe
4VsP4Dm8gsibRxB5I2hEkw,Kahani Suno 2.0,Kaifi Khalil,2,Chill Vibe
4VuS959DSpr82t3qBqCrWG,Supermarket Flowers,Ed Sheeran,2,Chill Vibe
4Wjhj0WjkyECccfHVIgaTq,Trust Issues,Drake,2,Chill Vibe
4WzhjxvLP95y7AMDy0Atwb,Out Of Love,Alessia Cara,2,Chill Vibe
4XJRpBOG0bU3Nxnvam3FnC,LOVE YOU BETTER,Future,2,Chill Vibe
4XLu3tTSZiPFVC9mmuR6Zp,All These Years,Camila Cabello,2,Chill Vibe
4YJUTdZ0Pgl0ZeNyHYXeLd,Love Of My Life - Remastered 2011,Queen,2,Chill Vibe
4ZLzoOkj0MPWrTLvooIuaa,Get You The Moon (feat. Snøw),"Kina, Snøw",2,Chill Vibe
4ZT9FnbFu1PaBfV3itxiqT,I,Lil Skies,2,Chill Vibe
4a9RlnJ0v1T7HgLtps1HvI,This Is Halloween,The Citizens of Halloween,2,Chill Vibe
4ak9GGe6afmi2HbxEjvhIC,Male Fantasy,Billie Eilish,2,Chill Vibe
4at3d5QWnlibMVN75ECDrp,Pretty Little Fears (feat. J. Cole),"6LACK, J. Cole",2,Chill Vibe
4axSuOg3BqsowKjRpj59RU,Carolina - From The Motion Picture “Where The Crawdads Sing”,Taylor Swift,2,Chill Vibe
4axYWgXASdsCBHuwInAubT,I don't let go,XXXTENTACION,2,Chill Vibe
4cktbXiXOapiLBMprHFErI,Memories,Maroon 5,2,Chill Vibe
4eqne0oIdt9GW2ubiliny0,Have Yourself a Merry Little Christmas,Judy Garland,2,Chill Vibe
4ewazQLXFTDC8XvCbhvtXs,Glimpse of Us,Joji,2,Chill Vibe
4frLb7nWtsz2ymBE6k2GRP,Earned It (Fifty Shades Of Grey),The Weeknd,2,Chill Vibe
4fzyvSu73BhGvi96p2zwjL,Christmas Lights,Coldplay,2,Chill Vibe
4ga4WvRNhMsIL38pkBbnIN,Pressure (feat. Tove Lo),"Martin Garrix, Tove Lo",2,Chill Vibe
4h5x3XHLVYFJaItKuO2rhy,Ghost in the Machine (feat. Phoebe Bridgers),"SZA, Phoebe Bridgers",2,Chill Vibe
4ihV1wv7QmjbkLHaT9lA4s,BEG FORGIVENESS,"¥$, Kanye West, Ty Dolla $ign",2,Chill Vibe
4j3iq13kHs5PB94jdTp3Y3,ADMV,Maluma,2,Chill Vibe
4jXl6VtkFFKIt3ycUQc5LT,Circles,Mac Miller,2,Chill Vibe
4ja2gzrNh9VNigzoXfmbwD,Mariposa,Peach Tree Rascals,2,Chill Vibe
4k6Uh1HXdhtusDW5y8Gbvy,Bad Habit,Steve Lacy,2,Chill Vibe
4kKdvXD0ez7jp1296JmAts,Let It Snow! Let It Snow! Let It Snow! (with The B. Swanson Quartet),"Frank Sinatra, B. Swanson Quartet",2,Chill Vibe
4kflIGfjdZJW4ot2ioixTB,Someone Like You,Adele,2,Chill Vibe
4kjI1gwQZRKNDkw1nI475M,MY EYES,Travis Scott,2,Chill Vibe
4kroNlz8BTfswE4M0i3YCh,HENTAI,ROSALÍA,2,Chill Vibe
4l0Mvzj72xxOpRrp6h8nHi,Lose You To Love Me,Selena Gomez,2,Chill Vibe
4lD7gHKF1e8Y9stQuVezZB,ghostin,Ariana Grande,2,Chill Vibe
4mHM5d2fK3n8xgymjf92w2,ordinary things (feat. Nonna),"Ariana Grande, Nonna",2,Chill Vibe
4mHgYpuGHu99Mw69E83CP2,Taking A Walk,Trippie Redd,2,Chill Vibe
4mq14Qa6OehdiyZFtHcdCH,13 Beaches,Lana Del Rey,2,Chill Vibe
4pCbJC43j3gSqG6Fen6upD,Hey Driver (feat. The War and Treaty),"Zach Bryan, The War And Treaty",2,Chill Vibe
4pbJqGIASGPr0ZpGpnWkDn,We Will Rock You - Remastered 2011,Queen,2,Chill Vibe
4pvb0WLRcMtbPGmtejJJ6y,exile (feat. Bon Iver),"Taylor Swift, Bon Iver",2,Chill Vibe
4ricyQVd20UQde1jpXCSuJ,Winter Wonderland,Tony Bennett,2,Chill Vibe
4so0Wek9Ig1p6CRCHuINwW,White Christmas,Bing Crosby,2,Chill Vibe
4sx6NRwL6Ol3V6m9exwGlQ,LOVE AGAIN,The Kid LAROI,2,Chill Vibe
4tHqQMWSqmL6YjXwsqthDI,Carol of the Bells,"Mykola Dmytrovych Leontovych, John Williams",2,Chill Vibe
4tNXntkAzQ5A2dfYRYGIIQ,Easier,5 Seconds of Summer,2,Chill Vibe
4txc3txsIt81diMzGhrVPS,wish you were gay,Billie Eilish,2,Chill Vibe
4tyX1rw9X309WkEdh2As4B,coney island (feat. The National),"Taylor Swift, The National",2,Chill Vibe
4u7EnebtmKWzUH433cf5Qv,Bohemian Rhapsody - Remastered 2011,Queen,2,Chill Vibe
4u9Y4Z9i9VaAbBK7rW1Rha,Meet Me in the Hallway,Harry Styles,2,Chill Vibe
4ukUoXLuFzMixyZyabSGc4,Sleigh Ride,Ella Fitzgerald,2,Chill Vibe
4uuEGH5SVuzkkSFjo2DEiY,Don’t You (Taylor’s Version) (From The Vault),Taylor Swift,2,Chill Vibe
4vaxvNDaLSoD36iZX515ug,Betrayed,Lil Xan,2,Chill Vibe
4w9soAM7IrmYDhSXLp14p6,Peaches,Jack Black,2,Chill Vibe
4wVOKKEHUJxHCFFNUWDn0B,Chicago Freestyle (feat. Giveon),"Drake, Giveon",2,Chill Vibe
4wcBRRpIfesgcyUtis7PEg,"1 step forward, 3 steps back",Olivia Rodrigo,2,Chill Vibe
4xqrdfXkTW4T0RauPLv3WA,Heather,Conan Gray,2,Chill Vibe
4xyNG8vZR3g8FnphVkbjRo,Love,Lana Del Rey,2,Chill Vibe
4y4spB9m0Q6026KfkAvy9Q,Lonely (with benny blanco),"Justin Bieber, benny blanco",2,Chill Vibe
4z2JaAVPemYJhFKm7e32RA,Skechers,DripReport,2,Chill Vibe
4zRZAmBQP8vhNPf9i9opXt,8 Letters,Why Don't We,2,Chill Vibe
4zmKGsrXjLmljb5fTaBTot,Snow On The Beach (feat. More Lana Del Rey),"Taylor Swift, Lana Del Rey",2,Chill Vibe
50PWlIBU7PlGGwzgN8TiFJ,Million Reasons,Lady Gaga,2,Chill Vibe
50WeOnXhM1H7AZEeIDoWfZ,Show Yourself,"Idina Menzel, Evan Rachel Wood",2,Chill Vibe
50kpGaPAhYJ3sGmk6vplg0,Love Yourself,Justin Bieber,2,Chill Vibe
50x1Ic8CaXkYNvjmxe3WXy,Those Eyes,New West,2,Chill Vibe
51Zw1cKDgkad0CXv23HCMU,Daylight,Harry Styles,2,Chill Vibe
51wrmElSLxFzc0vSQPeTxs,Where Were You In The Morning?,Shawn Mendes,2,Chill Vibe
521Os1SMlxmsoevsqyjNmJ,Changes,Justin Bieber,2,Chill Vibe
53dtP2iUMvaF28JZcHnFuU,logical,Olivia Rodrigo,2,Chill Vibe
54ucfuN596MU25jQD3KjCL,Sober II (Melodrama),Lorde,2,Chill Vibe
550rQQCGkrTzvp4SfpOPzx,Hallelujah,Pentatonix,2,Chill Vibe
551xyaSJsg8hILXFq9JdST,"The Plan - From the Motion Picture ""TENET""",Travis Scott,2,Chill Vibe
554Ip3S1rbeES9TNWXGoK1,ON OFF (feat. Maître Gims),"Shirin David, GIMS",2,Chill Vibe
55Am8neGJkdj2ADaM3aw5H,Train Wreck,James Arthur,2,Chill Vibe
56xHMIfQPoe0prrSi3BGhf,Can’t Catch Me Now - from The Hunger Games: The Ballad of Songbirds & Snakes,Olivia Rodrigo,2,Chill Vibe
57nOpVSc3j9o03Cr928ZM4,what are you so afraid of,XXXTENTACION,2,Chill Vibe
58wyJLv6yH1La9NIZPl3ne,Can We Kiss Forever?,"Kina, Adriana Proenza",2,Chill Vibe
59KOoHFcw5XfICnO57holu,Last Kiss (Taylor's Version),Taylor Swift,2,Chill Vibe
59iGOjPSOcPLGl3vqEStUp,Kinda Crazy,Selena Gomez,2,Chill Vibe
5A0M6B0RBSXSNWv0wcppZ9,I DON'T LOVE YOU ANYMORE,"Tyler, The Creator",2,Chill Vibe
5ATwkalJ9FnLp7Zcvxo1rl,Belki,"Dedublüman, Mavzer Tabancas",2,Chill Vibe
5BK0uqwY9DNfZ630STAEaq,gold rush,Taylor Swift,2,Chill Vibe
5Ber68jZ7ytegr2UISEdb7,Santa Claus Is Coming to Town,Michael Bublé,2,Chill Vibe
5BfMJ6iytQnu1r7iiCYSXe,Intro,Khalid,2,Chill Vibe
5CM4UuQ9Gnd6K2YyKGPMoK,Bad Habit,Steve Lacy,2,Chill Vibe
5CZ40GBx1sQ9agT82CLQCT,traitor,Olivia Rodrigo,2,Chill Vibe
5CscrLqFBgPfZR8fGtikov,making the bed,Olivia Rodrigo,2,Chill Vibe
5Db9VIdDsN5yu3Eu7CT0i4,Stay With Me,Sam Smith,2,Chill Vibe
5EbtodsuLbxrFDH6j5avVS,El Mismo Aire - con Pablo Alborán,"Camilo, Pablo Alborán",2,Chill Vibe
5HEtuK03ygUzqca6yfgOYZ,Lettre à une femme,Ninho,2,Chill Vibe
5IvdLxVB8gwwcgnEkXSSW2,Dark Side Of The Moon (feat. Nicki Minaj),"Lil Wayne, Nicki Minaj",2,Chill Vibe
5JCoSi02qi3jJeHdZXMmR8,favorite crime,Olivia Rodrigo,2,Chill Vibe
5JUu0unA8VwhTZ9LkMWUVI,Since Way Back,"Drake, PARTYNEXTDOOR",2,Chill Vibe
5JiH89mHrv9oWHlD0T326z,To Be So Lonely,Harry Styles,2,Chill Vibe
5LYRIyhmlrDAQsYdHEvP0f,Mona Lisa,"Booba, JSX",2,Chill Vibe
5LrN7yUQAzvthd4QujgPFr,Here With Me,d4vd,2,Chill Vibe
5MxWTfmlmRDx6VZHvB9xV8,Stay With Me,Sam Smith,2,Chill Vibe
5NPzbTzFxIQPaheZuPhn4f,Forever Alone,Paulo Londra,2,Chill Vibe
5O2P9iiztwhomNh8xkR9lJ,Night Changes,One Direction,2,Chill Vibe
5ONOlTiqymhzwcFjqcIT6E,Hate You,Jung Kook,2,Chill Vibe
5PIBgH1cUFwu5IiUk9tnN9,Walk On Water (feat. Beyoncé),"Eminem, Beyoncé",2,Chill Vibe
5PPUw4Xo3Hz6rl4GpBfd3c,Savior - Interlude,Kendrick Lamar,2,Chill Vibe
5PUXKVVVQ74C3gl5vKy9Li,Heeriye (feat. Arijit Singh),"Jasleen Royal, Arijit Singh, Harrykahanhai",2,Chill Vibe
5Py8zRKGkZvgHniVVtvNCN,All Around Me,Justin Bieber,2,Chill Vibe
5Q2P43CJra0uRAogjHyJDK,"Baby, It's Cold Outside (feat. Meghan Trainor)","Brett Eldredge, Meghan Trainor",2,Chill Vibe
5QM0SsyzmBM0pbFY52Xj1X,I'm Not The Only One,Sam Smith,2,Chill Vibe
5QW9K4A1gMnIi94YUxtsfM,"Phir Aur Kya Chahiye (From ""Zara Hatke Zara Bachke"")","Sachin-Jigar, Arijit Singh, Amitabha Bhattacharya",2,Chill Vibe
5QYnNhTKsN3kE7OaqILA1U,First Times,Ed Sheeran,2,Chill Vibe
5QskYLFPX9y7pLU0VEMNbr,Like To Be You (feat. Julia Michaels),"Shawn Mendes, Julia Michaels",2,Chill Vibe
5QvBXUm5MglLJ3iBfTX2Wo,RUNNING OUT OF TIME,"Tyler, The Creator",2,Chill Vibe
5RqR4ZCCKJDcBLIn4sih9l,Party Girl,StaySolidRocky,2,Chill Vibe
5S9Zs5g9lTWnLIboN1pdlU,Fingers Crossed,Lauren Spencer Smith,2,Chill Vibe
5SHpuW2qjkQtFRpE6P9Nks,The 30th,Billie Eilish,2,Chill Vibe
5SwEgzUFDHwpWHKrbnP32Z,Youth (feat. Khalid),"Shawn Mendes, Khalid",2,Chill Vibe
5TXDeTFVRVY7Cvt0Dw4vWW,Revenge,XXXTENTACION,2,Chill Vibe
5U1OEoEW4xnalSAToamwZL,Did you know that there's a tunnel under Ocean Blvd,Lana Del Rey,2,Chill Vibe
5VEuraNSVxMTzDTtrmL3lQ,Winter Wonderland - Remastered,Bing Crosby,2,Chill Vibe
5VTqW8raQYnj2avZ27nO2a,penhasco.,Luísa Sonza,2,Chill Vibe
5WNYg3usc6H8N3MBEp4zVk,Boredom (feat. Rex Orange County & Anna of the North),"Tyler, The Creator, Rex Orange County, Anna of the North",2,Chill Vibe
5WtfUKzXircvW8l5aaVZWT,What A Time (feat. Niall Horan),"Julia Michaels, Niall Horan",2,Chill Vibe
5XeFesFbtLpXzIVDNQP22n,I Wanna Be Yours,Arctic Monkeys,2,Chill Vibe
5XsAal7ZcWg1I5T4NcRjkv,Halley's Comet,Billie Eilish,2,Chill Vibe
5Y35SjAfXjjG0sFQ3KOxmm,Nobody Gets Me,SZA,2,Chill Vibe
5YABYtKx9qa56vBjlXDbmw,Snooze (Acoustic) (feat. Justin Bieber),"SZA, Justin Bieber",2,Chill Vibe
5a6pdCHlWS2ekOOQ70QnAr,July,Noah Cyrus,2,Chill Vibe
5ajjAnNRh8bxFvaVHzpPjh,Reckless,Madison Beer,2,Chill Vibe
5b2QnYcT9rQIkhRWt4HztQ,Walk On Water (feat. Beyoncé),"Eminem, Beyoncé",2,Chill Vibe
5cQB9fbuQCz4muQUFkv3rR,Serendipity - Full Length Edition,BTS,2,Chill Vibe
5cQX9BexkPIEESTZijJhXg,i wish i hated you,Ariana Grande,2,Chill Vibe
5cuRYDNIcSu5noyXQpULKg,Where Were You In The Morning?,Shawn Mendes,2,Chill Vibe
5dXWFMwD7I7zXsInONVl0H,I Hate U,SZA,2,Chill Vibe
5de9Ho64dovuQI8Uhn5gPD,I Don't Wanna Do This Anymore,XXXTENTACION,2,Chill Vibe
5fc6rQgAKiLutfUYWQ6QnJ,Helium,Sia,2,Chill Vibe
5gDWsRxpJ2lZAffh5p7K0w,Stargirl Interlude,"The Weeknd, Lana Del Rey",2,Chill Vibe
5gEUDNQvoQjdjklrwPdGwD,Párteme La Cara,"C. Tangana, Ed Maverick",2,Chill Vibe
5hQSXkFgbxjZo9uCwd11so,False God,Taylor Swift,2,Chill Vibe
5hslUAKq9I9CG2bAulFkHN,It's the Most Wonderful Time of the Year,Andy Williams,2,Chill Vibe
5humEOJehpAwMJEJmb0JJ2,The Christmas Song (Merry Christmas To You),Nat King Cole,2,Chill Vibe
5itzep0nGnq7hxCfFNsTIR,difference (interlude),XXXTENTACION,2,Chill Vibe
5jAIouBES8LWMiriuNq170,State Of Grace (Acoustic Version) (Taylor's Version),Taylor Swift,2,Chill Vibe
5jSBnH9NyaNP5zdSB3pwgu,Gimme Love,Joji,2,Chill Vibe
5jhBwnqzNNrENXnYrAdoCe,Everybody Dies,Billie Eilish,2,Chill Vibe
5kI4eCXXzyuIUXjQra0Cxi,betty,Taylor Swift,2,Chill Vibe
5kRPPEWFJIMox5qIkQkiz5,Sweet Creature,Harry Styles,2,Chill Vibe
5kfNriitmkNE8mUbZ7gbq8,Saturday Nights,Khalid,2,Chill Vibe
5lK18Pt33xNudq4qYDxIm8,Shallow,"Lady Gaga, Bradley Cooper",2,Chill Vibe
5lVmzrKaqPpPYtF7udoiNq,Intro,Drake,2,Chill Vibe
5lkpeJwmQKgY3bX2zChjxX,Someone Like You,Adele,2,Chill Vibe
5mjYQaktjmjcMKcUIcqz4s,Strangers,Kenya Grace,2,Chill Vibe
5n9NAd0Y5OUeOGU0nVtLua,Chang,PNL,2,Chill Vibe
5nA67Y0XX9JipZwYxX7Gl7,This Town,Niall Horan,2,Chill Vibe
5odlY52u43F5BjByhxg7wg,golden hour,JVKE,2,Chill Vibe
5p56JT5F9a1z9pwXnqTg7d,Worldwide Steppers,Kendrick Lamar,2,Chill Vibe
5pcjystBtalYeqaiXCcgEY,You All Over Me (feat. Maren Morris) (Taylor’s Version) (From The Vault),"Taylor Swift, Maren Morris",2,Chill Vibe
5q86iSKkBtOoNkdgEDY5WV,VISTA AL MAR,Quevedo,2,Chill Vibe
5qN4HFkapdAOV94XPryVof,Black Panther,Kendrick Lamar,2,Chill Vibe
5qNh5WtzMbfpSj2jLlBkoD,Your Power,Billie Eilish,2,Chill Vibe
5qrSlOut2rNAWv3ubArkNy,Be Alright,Dean Lewis,2,Chill Vibe
5r011NB07RHjABbuVGVIbd,The Louvre,Lorde,2,Chill Vibe
5rFj8OzffT0iggSjcBaeND,"Fire On Fire - From ""Watership Down""",Sam Smith,2,Chill Vibe
5rohUzwEoRsUvAA1Bf3DLo,Dos Oruguitas,Sebastian Yatra,2,Chill Vibe
5tVA6TkbaAH9QMITTQRrNv,Free Fallin',Tom Petty,2,Chill Vibe
5tyMJlMqaggzvuX7TtlrTe,Love song,Lana Del Rey,2,Chill Vibe
5tz69p7tJuGPeMGwNTxYuV,1-800-273-8255,"Logic, Alessia Cara, Khalid",2,Chill Vibe
5uCax9HTNlzGybIStD3vDh,Say You Won't Let Go,James Arthur,2,Chill Vibe
5uSG6fUPRaehaV820zcpsK,OverHeated,Billie Eilish,2,Chill Vibe
5ug4vqGZ3eisGhY1IsziNX,Best Part of Me (feat. YEBBA),"Ed Sheeran, Yebba",2,Chill Vibe
5wANPM4fQCJwkGd4rN57mH,drivers license,Olivia Rodrigo,2,Chill Vibe
5xMw6qCcpd2gBXPGTegC4W,SOS,SZA,2,Chill Vibe
5xbrhx2tMMcN68IT3cJbhS,Ayala (Outro),XXXTENTACION,2,Chill Vibe
5ydjxBSUIDn26MFzU3asP4,Rainy Days,V,2,Chill Vibe
609E1JCInJncactoMmkDon,BESO,"ROSALÍA, Rauw Alejandro",2,Chill Vibe
60brXKLTC15vK0av5gIldm,Confirmation,Justin Bieber,2,Chill Vibe
61KpQadow081I2AsbeLcsb,deja vu,Olivia Rodrigo,2,Chill Vibe
61S79KIVA4I9FXbnsylEHT,In The Bible (with Lil Durk & Giveon),"Drake, Lil Durk, Giveon",2,Chill Vibe
62zKJrpbLxz6InR3tGyr7o,JACKBOYS,JACKBOYS,2,Chill Vibe
63wx9vdskaXbYxyDx4oJCZ,B.S. (feat. H.E.R.),"Jhené Aiko, H.E.R.",2,Chill Vibe
64ydkbrt0xhdJXRaam06Mc,Mile High (feat. Travis Scott & Metro Boomin),"James Blake, Travis Scott, Metro Boomin",2,Chill Vibe
65NwOZqoXny4JxqAPlfxRF,Psycho (feat. Ty Dolla $ign),"Post Malone, Ty Dolla $ign",2,Chill Vibe
65Q2mv3UlVi9eO70OpsmSe,A Holly Jolly Christmas,Burl Ives,2,Chill Vibe
65irrLqfCMRiO3p87P4C0D,Frosty The Snowman,Ella Fitzgerald,2,Chill Vibe
66VenHDtrQAw7FCjyF2J56,The Christmas Song (Shawn Mendes & Camila Cabello),"Shawn Mendes, Camila Cabello",2,Chill Vibe
67dU06KGaJHLLlo5Y5bkD2,Reputation,Post Malone,2,Chill Vibe
68EMU2RD1ECNeOeJ5qAXCV,We Don't Talk Anymore (feat. Selena Gomez),"Charlie Puth, Selena Gomez",2,Chill Vibe
6AGON2BGdPmPMJGiiNuuwl,Immortal,J. Cole,2,Chill Vibe
6AUuRg513AfT50d52O60fS,One Day At A Time,Sam Smith,2,Chill Vibe
6B3zy3LOKHndqsviCr2z15,Em Calls Paul - Skit,Eminem,2,Chill Vibe
6CcJMwBtXByIz4zQLzFkKc,i love you,Billie Eilish,2,Chill Vibe
6Cs7b9bu3fy5XhMwBA9Tz4,Contando Lunares (feat. Cruz Cafuné),"Don Patricio, Cruz Cafuné",2,Chill Vibe
6DEMMeWXfmFAXgDUMMzeg6,All I Ask,Adele,2,Chill Vibe
6DZz58CbF0AKw5PCKqNKcM,Come to Life,Kanye West,2,Chill Vibe
6ERZ30cRjVWGtVLhczX9aL,The greatest,Lana Del Rey,2,Chill Vibe
6EbVuwU7EnKeF2hdpViXCH,Die Young (feat. 347aidan),"Sleepy Hallow, 347aidan",2,Chill Vibe
6EuE9M1viu9gkdFSafia9o,I Thought About Killing You,Kanye West,2,Chill Vibe
6FE9EXi8TYg09hR4xv5PWJ,Mood Ring,Lorde,2,Chill Vibe
6FYfhKknpt05Om6YPcEYAg,we fell in love in october,girl in red,2,Chill Vibe
6G2xXQRSZlEzYsUEb3uvuR,Está Dañada,Ivan Cornejo,2,Chill Vibe
6G8kHiVZ1jW7vHMPVRNZU0,Don’t Matter To Me (with Michael Jackson),"Drake, Michael Jackson",2,Chill Vibe
6GD1eomgaGT1Epto6Q5eAo,golden hour,JVKE,2,Chill Vibe
6GGtHZgBycCgGBUhZo81xe,Say Yes To Heaven,Lana Del Rey,2,Chill Vibe
6GnhWMhgJb7uyiiPEiEkDA,Weekend (feat. Miguel),"Mac Miller, Miguel",2,Chill Vibe
6H7fWtwEUHVfTyZD7zeG4w,when the party's over - Recorded at Spotify Studios NYC,Lewis Capaldi,2,Chill Vibe
6HU7h9RYOaPRFeh0R3UeAr,deja vu,Olivia Rodrigo,2,Chill Vibe
6HexNTb392JS071DoTGo0y,Hummingbird (Metro Boomin & James Blake),"Metro Boomin, James Blake",2,Chill Vibe
6HlE9t71z9DjGi7KqSyEpA,Deep End,Fousheé,2,Chill Vibe
6I6NX6tjGsxFAsIfGzY9lJ,Deja Vu,J. Cole,2,Chill Vibe
6IPwKM3fUUzlElbvKw2sKl,we fell in love in october,girl in red,2,Chill Vibe
6IeK3Ap5m3HabwJxgI6eSE,It's Beginning to Look a Lot Like Christmas (with Mitchell Ayres & His Orchestra),"Perry Como, The Fontane Sisters, Mitchell Ayres & His Orchestra",2,Chill Vibe
6J2LdBN97cDWn0MLxYh9HB,July,Noah Cyrus,2,Chill Vibe
6KJqZcs9XDgVck7Lg9QOTC,seven,Taylor Swift,2,Chill Vibe
6LtHYDgYHRCHoKK3snfr2w,I’m Tired (with Zendaya) - Bonus Track,"Labrinth, Zendaya",2,Chill Vibe
6MGsx3Usu6IJbbYFoAOEtv,PAINTING PICTURES,Superstar Pride,2,Chill Vibe
6MWoRt97mnSTXZhu3ggi9C,hoax,Taylor Swift,2,Chill Vibe
6MbH1QiphMCPTqVEVC7UYi,Nothings Into Somethings,Drake,2,Chill Vibe
6N1K5OVVCopBjGViHs2IvP,The Joker And The Queen (feat. Taylor Swift),"Ed Sheeran, Taylor Swift",2,Chill Vibe
6N22FZs2ZhPBYi3b9XPajV,Still Don't Know My Name,Labrinth,2,Chill Vibe
6NWl2m8asvH83xjuXVNsuG,Betrayed,Lil Xan,2,Chill Vibe
6NZOc8kO0Fxo0fLPvIdLnW,Mother I Sober (feat. Beth Gibbons of Portishead),"Kendrick Lamar, Beth Gibbons",2,Chill Vibe
6Nle9hKrkL1wQpwNfEkxjh,Chanel,Frank Ocean,2,Chill Vibe
6OG05bPAwUuV3OMvy2Vy1P,Mariners Apartment Complex,Lana Del Rey,2,Chill Vibe
6OZh916QF8XNunWaP97WEZ,Fast Car,"Jonas Blue, Dakota",2,Chill Vibe
6Pgmqg15yVexuOgtzuxwoX,Dancing in My Room,347aidan,2,Chill Vibe
6PzOPrXx8tJEqace76yrv2,E.T.A.,Justin Bieber,2,Chill Vibe
6QT6j7rKt7Vk3IuV2AUO9W,lacy,Olivia Rodrigo,2,Chill Vibe
6RJBrG3VHz2hPITjv88chh,Glitch,Taylor Swift,2,Chill Vibe
6RQ5IwG7uADz9LDWliJGjU,Special,SZA,2,Chill Vibe
6TIU9Ehmi6dMzZK73Ym4yj,Save Myself,Ed Sheeran,2,Chill Vibe
6TkXViJUO3SA6FMcrNwlD9,Jingle Bell Rock,Bobby Helms,2,Chill Vibe
6TwcRSQgztJFw8tQDrs35D,The Thrill Of It All,Sam Smith,2,Chill Vibe
6U0FIYXCQ3TGrk4tFpLrEA,SUGAR,BROCKHAMPTON,2,Chill Vibe
6VBhH7CyP56BXjp8VsDFPZ,"Kesariya (From ""Brahmastra"")","Pritam, Arijit Singh, Amitabh Bhattacharya",2,Chill Vibe
6VLkgf5YmLixsabdqiCVGU,At Least For Now,Justin Bieber,2,Chill Vibe
6VObnIkLVruX4UVyxWhlqm,Skyfall,Adele,2,Chill Vibe
6VciS3dRMpZhJiDxT8ArFi,"Young Miko: Bzrp Music Sessions, Vol. 58","Bizarrap, Young Miko",2,Chill Vibe
6VhuP99TE6gYNQRJIlAWFD,Until I Found You,Stephen Sanchez,2,Chill Vibe
6VsvKPJ4xjVNKpI8VVZ3SV,invisible string,Taylor Swift,2,Chill Vibe
6VzcQuzTNTMFnJ6rBSaLH9,Fine Line,Harry Styles,2,Chill Vibe
6WhzFzROw3aq3rPWjgYlxr,Gold,Kiiara,2,Chill Vibe
6X29iaaazwho3ab7GNue5r,8,Billie Eilish,2,Chill Vibe
6XXKB32Om6WuXg3uEWwTob,imperfect for you,Ariana Grande,2,Chill Vibe
6XsFgTG4dY768oIB4Dmeu0,Jiwa Yang Bersedih,Ghea Indrawari,2,Chill Vibe
6Y46tOTRhkBamosyuWa6YX,LA FAMA,"ROSALÍA, The Weeknd",2,Chill Vibe
6Z165JvPnS8PYvGW8oLGLc,Flowers,Lauren Spencer Smith,2,Chill Vibe
6aH3QgooXRmx8k8jzrSm3V,A l'ammoniaque,PNL,2,Chill Vibe
6bGMSP3H9YqkmaLnaJTIoF,Hold On,Adele,2,Chill Vibe
6dXiWwFrcGieqnoLYzPNp5,Sial,Mahalini,2,Chill Vibe
6dmXZ9B5HdFAyzHeTneYBK,LA FAMA,"ROSALÍA, The Weeknd",2,Chill Vibe
6ePyl2ns4b7MVYhjsj32ZK,Intro: Singularity,BTS,2,Chill Vibe
6fOOKqQWcSy33ApU1wqkkW,Paradise,Khalid,2,Chill Vibe
6fxVffaTuwjgEk5h9QyRjy,Photograph,Ed Sheeran,2,Chill Vibe
6gPPoRYJwCsoB2VVdPJfmo,Miserable Man,David Kushner,2,Chill Vibe
6gm12xlADJwiBbHIKBXzGW,René,Residente,2,Chill Vibe
6i759FCuKx713ZnYjtpQGU,True Colors,The Weeknd,2,Chill Vibe
6isTQfKXhNO3EyJd9mSxx8,AM I DREAMING (feat. Miley Cyrus),"Lil Nas X, Miley Cyrus",2,Chill Vibe
6it15CsDlkqB7N4lF0C1qM,Caro,Bad Bunny,2,Chill Vibe
6kYGOFNUMxpab09L5Ukoke,Rich Spirit,Kendrick Lamar,2,Chill Vibe
6koKhrBBcExADvWuOgceNZ,Open Arms (feat. Travis Scott),"SZA, Travis Scott",2,Chill Vibe
6krYS8KtmNAYyb5uTZiYW4,Dawn FM,The Weeknd,2,Chill Vibe
6lU4BQWZomCWRfKSowfezE,Emotions,Ufo361,2,Chill Vibe
6m9qPYXmhge2QhBLfFKnVF,Same Drugs,Chance the Rapper,2,Chill Vibe
6mORGLOz79w6VsCRLWYYuK,The Night We Met,Lord Huron,2,Chill Vibe
6me7F0aaZjwDo6RJ5MrfBD,Evergreen,Richy Mitch & The Coal Miners,2,Chill Vibe
6ocbgoVGwYJhOv1GgI9NsF,7 rings,Ariana Grande,2,Chill Vibe
6odrHMSLjP3aOXC4ipKUC6,La Bebe,Yng Lvcas,2,Chill Vibe
6osMzmRHCVETbZMHceLRmh,Dreamcatcher (feat. Swae Lee & Travis Scott),"Metro Boomin, Swae Lee, Travis Scott",2,Chill Vibe
6otePxalBK8AVa20xhZYVQ,MIENTRAS ME CURO DEL CORA,KAROL G,2,Chill Vibe
6p1GHnHSJSma1orNgP7NoE,Jingle Bell Rock,Bobby Helms,2,Chill Vibe
6pK5edDoyrn4mWwRSVc2a5,Amor Genuino,Ozuna,2,Chill Vibe
6potEImiklXkwD9qFzpu15,Forever,Labrinth,2,Chill Vibe
6qj02zSeEJGWZ4c0dn5QzJ,Boyfriends,Harry Styles,2,Chill Vibe
6sCvvleqKbeyOkQDieBYgp,Lift Me Up - From Black Panther: Wakanda Forever - Music From and Inspired By,Rihanna,2,Chill Vibe
6t4rYZeShwJai1YSs0tWOQ,Scars,Sam Smith,2,Chill Vibe
6tjituizSxwSmBB5vtgHZE,Holly Jolly Christmas,Michael Bublé,2,Chill Vibe
6tsOcBnaKgzK22yEiqRh8P,MONOPOLY (with Victoria Monét),"Ariana Grande, Victoria Monét",2,Chill Vibe
6unndO70DvZfnXYcYQMyQJ,Never Felt So Alone,Labrinth,2,Chill Vibe
6uqyE384HDSsuwpoF4mjrL,NDA,Billie Eilish,2,Chill Vibe
6uvh0In7u1Xn4HgxOfAn8O,Matilda,Harry Styles,2,Chill Vibe
6v0UJD4a2FtleHeSYVX02A,I Drink Wine,Adele,2,Chill Vibe
6vSwxzO2Qf4BinHSXRwZJe,Tenerife Sea,Ed Sheeran,2,Chill Vibe
6vWEAOUSxohKxhp0K1BsxL,Mixed Personalities (feat. Kanye West),"YNW Melly, Kanye West",2,Chill Vibe
6vsV4D8BM6PioRr1UOx0n2,you should see me in a crown,Billie Eilish,2,Chill Vibe
6wf7Yu7cxBSPrRlWeSeK0Q,"What Was I Made For? [From The Motion Picture ""Barbie""]",Billie Eilish,2,Chill Vibe
6wos8Ds5FKMe33GjBHRake,No Hay Nadie Más,Sebastian Yatra,2,Chill Vibe
6xGruZOHLs39ZbVccQTuPZ,Glimpse of Us,Joji,2,Chill Vibe
6yzNzQxqsIY3zRsTwzLI3v,Mele Kalikimaka - New mono-to-stereo mix,"Bing Crosby, The Andrews Sisters",2,Chill Vibe
6zzdyvVWjGrQBraSvuqJPY,Starry Eyes,The Weeknd,2,Chill Vibe
70AYiGbc4mWZGEqiipBBDb,CANDY,ROSALÍA,2,Chill Vibe
71BqAINEnezjQfxE4VuJfq,"""Slut!"" (Taylor's Version) (From The Vault)",Taylor Swift,2,Chill Vibe
71R8HJxQk5qMiRstrlXN9t,2/Catorce,"Rauw Alejandro, Mr. Naisgai",2,Chill Vibe
73SpzrcaHk0RQPFP73vqVR,No Time To Die,Billie Eilish,2,Chill Vibe
73YUReisjb3A9ActdLLjJQ,happiness,Taylor Swift,2,Chill Vibe
73qMN9bXy7MSPwwGfH3wQr,Sad Beautiful Tragic (Taylor's Version),Taylor Swift,2,Chill Vibe
74NI58MQexwZjNu1Gu6GjT,Far,SZA,2,Chill Vibe
74WROFXsox6wkeUrEK2DS6,Chale,Eden Muñoz,2,Chill Vibe
759ndr57jb0URg4j9YSWml,A Tale By Quincy,The Weeknd,2,Chill Vibe
75FEaRjZTKLhTrFGsfMUXR,Running Up That Hill (A Deal With God),Kate Bush,2,Chill Vibe
75JFxkI2RXiU7L9VXzMkle,The Scientist,Coldplay,2,Chill Vibe
75UMtPC77vqKRwfSuYuNPO,San Lucas,Kevin Kaarl,2,Chill Vibe
77khP2fIVhSW23NwxrRluh,A Holly Jolly Christmas,Burl Ives,2,Chill Vibe
789CxjEOtO76BVD1A9yJQH,Stay,"Rihanna, Mikky Ekko",2,Chill Vibe
78Du4CMFgnhdlG33gblkiP,Rich Men North of Richmond,Oliver Anthony Music,2,Chill Vibe
78Sw5GDo6AlGwTwanjXbGh,Here With Me,d4vd,2,Chill Vibe
79NlESqzFSW0hdBWgls4FX,Praying,Kesha,2,Chill Vibe
7AFASza1mXqntmGtbxXprO,changes,XXXTENTACION,2,Chill Vibe
7AbqgE05nFl9qY4FRUiq2p,Shot Glass of Tears,Jung Kook,2,Chill Vibe
7AdGloF1UHKe1vAZPbqIXH,The Happiest Girl,BLACKPINK,2,Chill Vibe
7Aem1fAapTdGcHwAYyQYU4,Love Me,Lil Tecca,2,Chill Vibe
7B3z0ySL9Rr0XvZEAjWZzM,Sofia,Clairo,2,Chill Vibe
7CC6UbCs4iGsePSzFxYxNn,Moon,Kanye West,2,Chill Vibe
7D0RhFcb3CrfPuTJ0obrod,Sparks,Coldplay,2,Chill Vibe
7DfFc7a6Rwfi3YQMRbDMau,Thinkin Bout You,Frank Ocean,2,Chill Vibe
7DsX5K72fewVGb47qj7Tbg,Pray,Sam Smith,2,Chill Vibe
7E1jVNoWuemqUryI4FxsVD,off the table (with The Weeknd),"Ariana Grande, The Weeknd",2,Chill Vibe
7EAMXbLcL0qXmciM5SwMh2,Heart To Heart,Mac DeMarco,2,Chill Vibe
7F4tV8SiUy6itZTdAzdafO,penjaga hati,Nadhif Basalamah,2,Chill Vibe
7F9cT6hIRhnFCYP6GKS0tf,IMY2 (with Kid Cudi),"Drake, Kid Cudi",2,Chill Vibe
7FAND3cHMvepHjpBp8gOZ9,Go Hard,Juice WRLD,2,Chill Vibe
7FmYn9e7KHMXcxqGSj9LjH,Mastermind,Taylor Swift,2,Chill Vibe
7FzhZ7C3NhM1UyqSHV9ytY,Burning,Sam Smith,2,Chill Vibe
7Hc3YL8oDiAzbiAW32KXrw,Dive,Kid Cudi,2,Chill Vibe
7HsjuVBM93Z2RoxjpWLgTT,Richer (feat. Polo G),"Rod Wave, Polo G",2,Chill Vibe
7Hz6LLOVxrojLPIHJJ1S0E,Have Yourself A Merry Little Christmas,Sam Smith,2,Chill Vibe
7ILEWkpfdK6AjH2D7jppWk,Don't Check On Me (feat. Justin Bieber & Ink),"Chris Brown, Justin Bieber, Ink",2,Chill Vibe
7IaeavdRzXYQWfu2Wt5GlU,Currents,Drake,2,Chill Vibe
7Ivelh8N9J25Yj9KKxYj6w,Santa Claus Is Coming to Town,Michael Bublé,2,Chill Vibe
7IxGslFZA5QhgXbUsDmcjf,"Bad Girls, Good Vibes",Ufo361,2,Chill Vibe
7JIIY2oDPFkURYMCLJuzhe,"Elliot's Song - From ""Euphoria"" An HBO Original Series","Dominic Fike, Zendaya",2,Chill Vibe
7JyFwJC3uRpiNfq7oKafgn,Euthanasia,Post Malone,2,Chill Vibe
7KA4W4McWYRpgf0fWsJZWB,See You Again (feat. Kali Uchis),"Tyler, The Creator, Kali Uchis",2,Chill Vibe
7LAmsNJpBaNvNg7VZPXxSv,As the World Caves In,Sarah Cothran,2,Chill Vibe
7MbT4I8qGntX4fMdqMQgke,peace,Taylor Swift,2,Chill Vibe
7MiZjKawmXTsTNePyTfPyL,Devil Eyes,Hippie Sabotage,2,Chill Vibe
7MtVPRGtZl6rPjMfLoI3Lh,Fuck it I love you,Lana Del Rey,2,Chill Vibe
7a8GawTVgHZvBLQOh46he7,I Wanna Be Yours,Arctic Monkeys,2,Chill Vibe
7aZDcmt34eouhqw29aMR91,Skin and Bones,David Kushner,2,Chill Vibe
7bPWdJgx8vek7S5i5yAtvG,Chemtrails Over The Country Club,Lana Del Rey,2,Chill Vibe
7dNwJbsT0sg1le5kVugGJb,Bubalu,"Becky G, Prince Royce, DJ Luian, Mambo Kingz, Anuel AA",2,Chill Vibe
7dSZ6zGTQx66c2GF91xCrb,PROVENZA,KAROL G,2,Chill Vibe
7eJMfftS33KTjuF7lTsMCx,death bed (coffee for your head),"Powfu, beabadoobee",2,Chill Vibe
7eOuUmpnHBlg5zsm8Cs7c3,Summertime's Close,Zach Bryan,2,Chill Vibe
7faDzZnZYqTyYThx2sbHVQ,Mistletoe And Holly - Remastered 1999,Frank Sinatra,2,Chill Vibe
7fesNTgTEMEH0ye8MOgEDY,teenage dream,Olivia Rodrigo,2,Chill Vibe
7g8YaUQABMal0zWe7a2ijz,Pa Mí - Remix,"Dalex, Rafa Pabön, KHEA, Sech, Feid, Cazzu, Lenny Tavárez",2,Chill Vibe
7glCSQqV5o6NU88Cn4zPZn,Estamos Bien,Bad Bunny,2,Chill Vibe
7hDVYcQq6MxkdJGweuCtl9,ocean eyes,Billie Eilish,2,Chill Vibe
7hlhojpax9zg2FNdBLY5ox,Because I Had You,Shawn Mendes,2,Chill Vibe
7ijJ5crvsnCvCLJbHpyq3j,Final Fantasy,Drake,2,Chill Vibe
7inXu0Eaeg02VsM8kHNvzM,Let It Snow! Let It Snow! Let It Snow! (with The B. Swanson Quartet),"Frank Sinatra, B. Swanson Quartet",2,Chill Vibe
7iwJOi3hlMqZt6pj1sQOBj,VISTA AL MAR,Quevedo,2,Chill Vibe
7jtQIBanIiJOMS6RyCx6jZ,Another Love,Tom Odell,2,Chill Vibe
7kh95COsNZjnTmc6aF76n7,Homerun (Intro),Paulo Londra,2,Chill Vibe
7kt9e9LFSpN1zQtYEl19o1,this is me trying,Taylor Swift,2,Chill Vibe
7lFNXsbcbds699xCWO3pSe,Dear Reader,Taylor Swift,2,Chill Vibe
7lPN2DXiMsVn7XUKtOW1CS,drivers license,Olivia Rodrigo,2,Chill Vibe
7m9OqQk4RVRkw9JJdeAw96,Jocelyn Flores,XXXTENTACION,2,Chill Vibe
7mldq42yDuxiUNn08nvzHO,Body Like A Back Road,Sam Hunt,2,Chill Vibe
7n7VsX3sv66znBwA8b5uhp,Here Comes Santa Claus (Right Down Santa Claus Lane),Elvis Presley,2,Chill Vibe
7nWui6jiMM2m9qFmET1Mtj,Ronan (Taylor's Version),Taylor Swift,2,Chill Vibe
7oTE1KmtU2ml9zBhv9Reao,California,Lana Del Rey,2,Chill Vibe
7pj6P5WnxkZsw3XRc8eMe1,Count Me Out,Kendrick Lamar,2,Chill Vibe
7qEHsqek33rTcFNT9PFqLf,Someone You Loved,Lewis Capaldi,2,Chill Vibe
7qEKqBCD2vE5vIBsrUitpD,ilomilo,Billie Eilish,2,Chill Vibe
7r6aR2f57resC5r93LwMfK,Hands On,"Kanye West, Fred Hammond",2,Chill Vibe
7sBgFMWqDWQgrsNSpIBoe8,Jesus Is Lord,Kanye West,2,Chill Vibe
7sT7kZEYd1MrmzLLIRVZas,Calling My Name,Drake,2,Chill Vibe
7sTtHHrD0zDpmzQzH3zegz,Consequences,Camila Cabello,2,Chill Vibe
7tFiyTwD0nx5a1eklYtX2J,Bohemian Rhapsody - Remastered 2011,Queen,2,Chill Vibe
7tGEAA1f8MydT7eVbbO9Zy,WHEN I WAS OLDER - Music Inspired By The Film ROMA,Billie Eilish,2,Chill Vibe
7tqhbajSfrz2F7E1Z75ASX,Ain't No Mountain High Enough,"Marvin Gaye, Tammi Terrell",2,Chill Vibe
7txjUEY6McJDJKqIo1Rxjp,Acróstico - Milan y Sasha,Shakira,2,Chill Vibe
7u6DMPznGbpziuEgCE0JGQ,get well soon,Ariana Grande,2,Chill Vibe
7uqcLJFlSYjVPLUz1vPxkY,Guardian angel,XXXTENTACION,2,Chill Vibe
7vBNFh3NIZTj6tB5s1IBjE,marjorie,Taylor Swift,2,Chill Vibe
7vQbuQcyTflfCIOu3Uzzya,Jingle Bell Rock,Bobby Helms,2,Chill Vibe
7vRriwrloYVaoAe3a9wJHe,"i hate u, i love u (feat. olivia o'brien)","gnash, Olivia O'Brien",2,Chill Vibe
7wC5eZcFS1Q1BsQ35DU6H4,come out and play,Billie Eilish,2,Chill Vibe
7wiESxCGoUkRdgZF2JOLZu,Sleigh Ride,The Ronettes,2,Chill Vibe
7wrDRQgHlvDnimrRHfQZxt,Psycho (feat. Ty Dolla $ign),"Post Malone, Ty Dolla $ign",2,Chill Vibe
7xLYLM5K6S1TwiSdfuhZQg,Se Me Olvidó,"Gera MX, Rels B",2,Chill Vibe
7yDHHVKLbvDmVw1XXhDDIO,Pehle Bhi Main,"Vishal Mishra, Raj Shekhar",2,Chill Vibe
7yN9Qx1HtE4c1fhakBz8Ay,DEUX TOILES DE MER,Damso,2,Chill Vibe
7ygVaACDENw4PgLbN1awFE,Matrix,Apache 207,2,Chill Vibe
7zBscbZUCr4jEABrfV9g03,Before The Day Is Over,Joji,2,Chill Vibe
7zjEyeBsaw9gV0jofJLfOM,Livin It Up (with Post Malone & A$AP Rocky),"Young Thug, A$AP Rocky, Post Malone",2,Chill Vibe
